pandoc-2.14.0.3,Parser,Distribution.Extra.Doctest,13.13,12.638
pandoc-2.14.0.3,Parser,ATTParser,4.12,6.097
pandoc-2.14.0.3,Desugar,ATTParser,38.2,23.915
pandoc-2.14.0.3,Simplifier,ATTParser,104.95,54.838
pandoc-2.14.0.3,Specialise,ATTParser,6.71,2.354
pandoc-2.14.0.3,Simplifier,ATTParser,253.31,78.624
pandoc-2.14.0.3,Simplifier,ATTParser,83.28,45.884
pandoc-2.14.0.3,Simplifier,ATTParser,71.2,40.893
pandoc-2.14.0.3,Floatinwards,ATTParser,3.59,2.657
pandoc-2.14.0.3,Calledarityanalysis,ATTParser,4.1,2.415
pandoc-2.14.0.3,Simplifier,ATTParser,59.27,25.168
pandoc-2.14.0.3,Demandanalysis,ATTParser,7.68,5.844
pandoc-2.14.0.3,ConstructedProductResultanalysis,ATTParser,4.03,1.267
pandoc-2.14.0.3,WorkerWrapperbinds,ATTParser,1.95,0.612
pandoc-2.14.0.3,Simplifier,ATTParser,94.76,41.997
pandoc-2.14.0.3,Exitificationtransformation,ATTParser,1.11,0.46
pandoc-2.14.0.3,Floatinwards,ATTParser,3.7,2.419
pandoc-2.14.0.3,Simplifier,ATTParser,60.23,27.073
pandoc-2.14.0.3,Demandanalysis,ATTParser,7.49,5.843
pandoc-2.14.0.3,CoreTidy,ATTParser,20.41,4.79
pandoc-2.14.0.3,CorePrep,ATTParser,8.16,6.256
pandoc-2.14.0.3,CodeGen,ATTParser,306.96,208.89
pandoc-2.14.0.3,Parser,Compat.ResponseFile,0.83,1.534
pandoc-2.14.0.3,Desugar,Compat.ResponseFile,0.36,0.201
pandoc-2.14.0.3,Simplifier,Compat.ResponseFile,0.23,0.178
pandoc-2.14.0.3,Specialise,Compat.ResponseFile,8.0e-2,7.4e-2
pandoc-2.14.0.3,Simplifier,Compat.ResponseFile,0.13,0.11
pandoc-2.14.0.3,Simplifier,Compat.ResponseFile,0.11,0.11
pandoc-2.14.0.3,Simplifier,Compat.ResponseFile,0.12,0.11
pandoc-2.14.0.3,Floatinwards,Compat.ResponseFile,7.0e-2,7.0e-2
pandoc-2.14.0.3,Calledarityanalysis,Compat.ResponseFile,7.0e-2,7.3e-2
pandoc-2.14.0.3,Simplifier,Compat.ResponseFile,0.12,0.11
pandoc-2.14.0.3,Demandanalysis,Compat.ResponseFile,8.0e-2,7.8e-2
pandoc-2.14.0.3,ConstructedProductResultanalysis,Compat.ResponseFile,7.0e-2,7.3e-2
pandoc-2.14.0.3,WorkerWrapperbinds,Compat.ResponseFile,9.0e-2,7.0e-2
pandoc-2.14.0.3,Simplifier,Compat.ResponseFile,0.13,0.111
pandoc-2.14.0.3,Exitificationtransformation,Compat.ResponseFile,6.0e-2,6.8e-2
pandoc-2.14.0.3,Floatinwards,Compat.ResponseFile,7.0e-2,7.0e-2
pandoc-2.14.0.3,Simplifier,Compat.ResponseFile,0.14,0.111
pandoc-2.14.0.3,Demandanalysis,Compat.ResponseFile,9.0e-2,7.8e-2
pandoc-2.14.0.3,CoreTidy,Compat.ResponseFile,0.14,9.8e-2
pandoc-2.14.0.3,CorePrep,Compat.ResponseFile,0.12,7.7e-2
pandoc-2.14.0.3,CodeGen,Compat.ResponseFile,0.7,0.574
pandoc-2.14.0.3,Parser,Compat.TempFile,1.13,2.294
pandoc-2.14.0.3,Desugar,Compat.TempFile,0.74,0.497
pandoc-2.14.0.3,Simplifier,Compat.TempFile,3.77,3.216
pandoc-2.14.0.3,Specialise,Compat.TempFile,0.1,7.6e-2
pandoc-2.14.0.3,Simplifier,Compat.TempFile,0.2,0.138
pandoc-2.14.0.3,Simplifier,Compat.TempFile,0.15,0.138
pandoc-2.14.0.3,Simplifier,Compat.TempFile,0.17,0.138
pandoc-2.14.0.3,Floatinwards,Compat.TempFile,0.1,6.9e-2
pandoc-2.14.0.3,Calledarityanalysis,Compat.TempFile,0.2,8.3e-2
pandoc-2.14.0.3,Simplifier,Compat.TempFile,0.2,0.138
pandoc-2.14.0.3,Demandanalysis,Compat.TempFile,0.1,8.3e-2
pandoc-2.14.0.3,ConstructedProductResultanalysis,Compat.TempFile,8.0e-2,7.3e-2
pandoc-2.14.0.3,WorkerWrapperbinds,Compat.TempFile,8.0e-2,7.0e-2
pandoc-2.14.0.3,Simplifier,Compat.TempFile,0.2,0.15
pandoc-2.14.0.3,Exitificationtransformation,Compat.TempFile,7.0e-2,6.7e-2
pandoc-2.14.0.3,Floatinwards,Compat.TempFile,7.0e-2,6.9e-2
pandoc-2.14.0.3,Simplifier,Compat.TempFile,0.2,0.152
pandoc-2.14.0.3,Demandanalysis,Compat.TempFile,0.1,8.3e-2
pandoc-2.14.0.3,CoreTidy,Compat.TempFile,0.16,0.111
pandoc-2.14.0.3,CorePrep,Compat.TempFile,0.15,9.7e-2
pandoc-2.14.0.3,CodeGen,Compat.TempFile,1.3,0.995
pandoc-2.14.0.3,Parser,Common,3.71,5.997
pandoc-2.14.0.3,Desugar,Common,12.04,5.536
pandoc-2.14.0.3,Simplifier,Common,84.32,55.442
pandoc-2.14.0.3,Specialise,Common,1.09,0.971
pandoc-2.14.0.3,Simplifier,Common,45.59,22.239
pandoc-2.14.0.3,Simplifier,Common,28.74,15.152
pandoc-2.14.0.3,Simplifier,Common,37.01,14.59
pandoc-2.14.0.3,Floatinwards,Common,2.03,1.335
pandoc-2.14.0.3,Calledarityanalysis,Common,1.72,0.915
pandoc-2.14.0.3,Simplifier,Common,126.75,4.885
pandoc-2.14.0.3,Demandanalysis,Common,3.81,2.935
pandoc-2.14.0.3,ConstructedProductResultanalysis,Common,1.95,0.481
pandoc-2.14.0.3,WorkerWrapperbinds,Common,1.04,0.363
pandoc-2.14.0.3,Simplifier,Common,25.65,16.881
pandoc-2.14.0.3,Exitificationtransformation,Common,0.8,0.311
pandoc-2.14.0.3,Floatinwards,Common,1.88,1.314
pandoc-2.14.0.3,Simplifier,Common,16.68,10.727
pandoc-2.14.0.3,Demandanalysis,Common,3.86,3.062
pandoc-2.14.0.3,CoreTidy,Common,4.61,2.402
pandoc-2.14.0.3,CorePrep,Common,4.31,3.257
pandoc-2.14.0.3,CodeGen,Common,89.03,75.544
pandoc-2.14.0.3,Parser,Flags,2.73,5.036
pandoc-2.14.0.3,Desugar,Flags,9.92,6.468
pandoc-2.14.0.3,Simplifier,Flags,39.52,23.926
pandoc-2.14.0.3,Specialise,Flags,2.61,1.673
pandoc-2.14.0.3,Simplifier,Flags,39.03,22.799
pandoc-2.14.0.3,Simplifier,Flags,39.77,27.672
pandoc-2.14.0.3,Simplifier,Flags,9.13,7.786
pandoc-2.14.0.3,Floatinwards,Flags,1.21,1.11
pandoc-2.14.0.3,Calledarityanalysis,Flags,2.54,1.819
pandoc-2.14.0.3,Simplifier,Flags,24.5,15.507
pandoc-2.14.0.3,Demandanalysis,Flags,3.49,3.724
pandoc-2.14.0.3,ConstructedProductResultanalysis,Flags,1.99,0.83
pandoc-2.14.0.3,WorkerWrapperbinds,Flags,0.8,0.569
pandoc-2.14.0.3,Simplifier,Flags,41.53,33.306
pandoc-2.14.0.3,Exitificationtransformation,Flags,0.33,0.266
pandoc-2.14.0.3,Floatinwards,Flags,1.34,1.107
pandoc-2.14.0.3,Simplifier,Flags,53.21,33.473
pandoc-2.14.0.3,Demandanalysis,Flags,3.29,3.772
pandoc-2.14.0.3,CoreTidy,Flags,9.09,6.365
pandoc-2.14.0.3,CorePrep,Flags,5.13,3.962
pandoc-2.14.0.3,CodeGen,Flags,148.95,125.872
pandoc-2.14.0.3,Parser,HSCParser,7.85,12.224
pandoc-2.14.0.3,Desugar,HSCParser,30.16,14.16
pandoc-2.14.0.3,Simplifier,HSCParser,110.34,62.399
pandoc-2.14.0.3,Specialise,HSCParser,6.44,3.358
pandoc-2.14.0.3,Simplifier,HSCParser,140.09,75.901
pandoc-2.14.0.3,Simplifier,HSCParser,225.33,113.594
pandoc-2.14.0.3,Simplifier,HSCParser,147.92,82.855
pandoc-2.14.0.3,Floatinwards,HSCParser,8.91,3.869
pandoc-2.14.0.3,Calledarityanalysis,HSCParser,14.8,12.876
pandoc-2.14.0.3,Simplifier,HSCParser,256.64,128.277
pandoc-2.14.0.3,Demandanalysis,HSCParser,42.68,23.882
pandoc-2.14.0.3,ConstructedProductResultanalysis,HSCParser,9.27,3.309
pandoc-2.14.0.3,WorkerWrapperbinds,HSCParser,6.84,2.134
pandoc-2.14.0.3,Simplifier,HSCParser,369.85,155.363
pandoc-2.14.0.3,Exitificationtransformation,HSCParser,3.28,1.149
pandoc-2.14.0.3,Floatinwards,HSCParser,5.35,5.935
pandoc-2.14.0.3,Simplifier,HSCParser,246.77,136.644
pandoc-2.14.0.3,Demandanalysis,HSCParser,45.56,28.268
pandoc-2.14.0.3,CoreTidy,HSCParser,19.69,12.858
pandoc-2.14.0.3,CorePrep,HSCParser,36.58,17.666
pandoc-2.14.0.3,CodeGen,HSCParser,471.83,463.039
pandoc-2.14.0.3,Parser,C,5.31,9.239
pandoc-2.14.0.3,Desugar,C,26.23,21.192
pandoc-2.14.0.3,Simplifier,C,119.16,113.794
pandoc-2.14.0.3,Specialise,C,3.19,2.126
pandoc-2.14.0.3,Simplifier,C,69.46,54.631
pandoc-2.14.0.3,Simplifier,C,77.82,65.229
pandoc-2.14.0.3,Simplifier,C,54.35,29.183
pandoc-2.14.0.3,Floatinwards,C,2.0,1.872
pandoc-2.14.0.3,Calledarityanalysis,C,6.3,2.141
pandoc-2.14.0.3,Simplifier,C,14.71,9.701
pandoc-2.14.0.3,Demandanalysis,C,4.59,5.091
pandoc-2.14.0.3,ConstructedProductResultanalysis,C,2.58,1.021
pandoc-2.14.0.3,WorkerWrapperbinds,C,1.56,0.725
pandoc-2.14.0.3,Simplifier,C,65.41,36.469
pandoc-2.14.0.3,Exitificationtransformation,C,0.78,0.385
pandoc-2.14.0.3,Floatinwards,C,1.5,1.806
pandoc-2.14.0.3,Simplifier,C,44.92,22.215
pandoc-2.14.0.3,Demandanalysis,C,8.6,5.585
pandoc-2.14.0.3,CoreTidy,C,5.57,4.321
pandoc-2.14.0.3,CorePrep,C,11.27,5.754
pandoc-2.14.0.3,CodeGen,C,414.21,230.273
pandoc-2.14.0.3,Parser,CrossCodegen,14.13,23.66
pandoc-2.14.0.3,Desugar,CrossCodegen,64.98,33.752
pandoc-2.14.0.3,Simplifier,CrossCodegen,394.12,258.566
pandoc-2.14.0.3,Specialise,CrossCodegen,10.57,7.182
pandoc-2.14.0.3,Simplifier,CrossCodegen,417.62,163.315
pandoc-2.14.0.3,Simplifier,CrossCodegen,198.65,151.422
pandoc-2.14.0.3,Simplifier,CrossCodegen,145.18,111.949
pandoc-2.14.0.3,Floatinwards,CrossCodegen,5.88,6.088
pandoc-2.14.0.3,Calledarityanalysis,CrossCodegen,18.19,7.945
pandoc-2.14.0.3,Simplifier,CrossCodegen,75.35,55.865
pandoc-2.14.0.3,Demandanalysis,CrossCodegen,13.63,15.905
pandoc-2.14.0.3,ConstructedProductResultanalysis,CrossCodegen,7.48,3.05
pandoc-2.14.0.3,WorkerWrapperbinds,CrossCodegen,4.2,1.943
pandoc-2.14.0.3,Simplifier,CrossCodegen,185.38,141.796
pandoc-2.14.0.3,Exitificationtransformation,CrossCodegen,2.95,0.947
pandoc-2.14.0.3,Floatinwards,CrossCodegen,22.05,6.244
pandoc-2.14.0.3,Simplifier,CrossCodegen,183.31,132.768
pandoc-2.14.0.3,Demandanalysis,CrossCodegen,27.62,17.601
pandoc-2.14.0.3,CoreTidy,CrossCodegen,21.1,15.621
pandoc-2.14.0.3,CorePrep,CrossCodegen,13.1,16.102
pandoc-2.14.0.3,CodeGen,CrossCodegen,406.71,464.081
pandoc-2.14.0.3,Parser,Paths_hsc2hs,1.75,3.218
pandoc-2.14.0.3,Desugar,Paths_hsc2hs,1.19,0.954
pandoc-2.14.0.3,Simplifier,Paths_hsc2hs,11.82,8.946
pandoc-2.14.0.3,Specialise,Paths_hsc2hs,0.42,0.356
pandoc-2.14.0.3,Simplifier,Paths_hsc2hs,6.96,5.349
pandoc-2.14.0.3,Simplifier,Paths_hsc2hs,4.69,3.825
pandoc-2.14.0.3,Simplifier,Paths_hsc2hs,2.21,1.504
pandoc-2.14.0.3,Floatinwards,Paths_hsc2hs,6.45,0.345
pandoc-2.14.0.3,Calledarityanalysis,Paths_hsc2hs,0.37,0.308
pandoc-2.14.0.3,Simplifier,Paths_hsc2hs,2.12,1.504
pandoc-2.14.0.3,Demandanalysis,Paths_hsc2hs,0.81,0.732
pandoc-2.14.0.3,ConstructedProductResultanalysis,Paths_hsc2hs,0.3,0.188
pandoc-2.14.0.3,WorkerWrapperbinds,Paths_hsc2hs,0.21,0.134
pandoc-2.14.0.3,Simplifier,Paths_hsc2hs,4.72,3.363
pandoc-2.14.0.3,Exitificationtransformation,Paths_hsc2hs,0.12,0.113
pandoc-2.14.0.3,Floatinwards,Paths_hsc2hs,0.38,0.342
pandoc-2.14.0.3,Simplifier,Paths_hsc2hs,6.23,3.703
pandoc-2.14.0.3,Demandanalysis,Paths_hsc2hs,0.86,0.744
pandoc-2.14.0.3,CoreTidy,Paths_hsc2hs,1.86,1.238
pandoc-2.14.0.3,CorePrep,Paths_hsc2hs,0.84,0.752
pandoc-2.14.0.3,CodeGen,Paths_hsc2hs,21.69,20.851
pandoc-2.14.0.3,Parser,UtilsCodegen,0.68,1.767
pandoc-2.14.0.3,Desugar,UtilsCodegen,0.98,0.79
pandoc-2.14.0.3,Simplifier,UtilsCodegen,7.45,7.45
pandoc-2.14.0.3,Specialise,UtilsCodegen,0.25,0.396
pandoc-2.14.0.3,Simplifier,UtilsCodegen,3.89,4.813
pandoc-2.14.0.3,Simplifier,UtilsCodegen,5.35,5.911
pandoc-2.14.0.3,Simplifier,UtilsCodegen,4.76,3.478
pandoc-2.14.0.3,Floatinwards,UtilsCodegen,0.22,0.349
pandoc-2.14.0.3,Calledarityanalysis,UtilsCodegen,0.18,0.274
pandoc-2.14.0.3,Simplifier,UtilsCodegen,2.38,3.38
pandoc-2.14.0.3,Demandanalysis,UtilsCodegen,0.39,0.651
pandoc-2.14.0.3,ConstructedProductResultanalysis,UtilsCodegen,0.17,0.239
pandoc-2.14.0.3,WorkerWrapperbinds,UtilsCodegen,0.21,0.215
pandoc-2.14.0.3,Simplifier,UtilsCodegen,3.11,3.805
pandoc-2.14.0.3,Exitificationtransformation,UtilsCodegen,8.0e-2,0.105
pandoc-2.14.0.3,Floatinwards,UtilsCodegen,0.2,0.319
pandoc-2.14.0.3,Simplifier,UtilsCodegen,1.57,1.767
pandoc-2.14.0.3,Demandanalysis,UtilsCodegen,0.43,0.685
pandoc-2.14.0.3,CoreTidy,UtilsCodegen,1.29,1.466
pandoc-2.14.0.3,CorePrep,UtilsCodegen,0.39,0.694
pandoc-2.14.0.3,CodeGen,UtilsCodegen,26.67,28.365
pandoc-2.14.0.3,Parser,DirectCodegen,2.83,4.377
pandoc-2.14.0.3,Desugar,DirectCodegen,3.26,2.529
pandoc-2.14.0.3,Simplifier,DirectCodegen,43.87,44.181
pandoc-2.14.0.3,Specialise,DirectCodegen,0.77,0.897
pandoc-2.14.0.3,Simplifier,DirectCodegen,22.44,20.736
pandoc-2.14.0.3,Simplifier,DirectCodegen,25.74,22.797
pandoc-2.14.0.3,Simplifier,DirectCodegen,21.83,16.781
pandoc-2.14.0.3,Floatinwards,DirectCodegen,0.87,1.383
pandoc-2.14.0.3,Calledarityanalysis,DirectCodegen,0.64,0.74
pandoc-2.14.0.3,Simplifier,DirectCodegen,7.96,7.602
pandoc-2.14.0.3,Demandanalysis,DirectCodegen,2.27,2.41
pandoc-2.14.0.3,ConstructedProductResultanalysis,DirectCodegen,0.66,0.545
pandoc-2.14.0.3,WorkerWrapperbinds,DirectCodegen,0.34,0.31
pandoc-2.14.0.3,Simplifier,DirectCodegen,16.69,11.69
pandoc-2.14.0.3,Exitificationtransformation,DirectCodegen,0.41,0.441
pandoc-2.14.0.3,Floatinwards,DirectCodegen,0.85,0.972
pandoc-2.14.0.3,Simplifier,DirectCodegen,10.02,7.682
pandoc-2.14.0.3,Demandanalysis,DirectCodegen,1.49,2.375
pandoc-2.14.0.3,CoreTidy,DirectCodegen,1.27,1.212
pandoc-2.14.0.3,CorePrep,DirectCodegen,1.5,1.732
pandoc-2.14.0.3,CodeGen,DirectCodegen,61.91,66.974
pandoc-2.14.0.3,Parser,Main,4.87,7.524
pandoc-2.14.0.3,Desugar,Main,9.21,6.693
pandoc-2.14.0.3,Simplifier,Main,53.21,35.144
pandoc-2.14.0.3,Specialise,Main,1.45,0.898
pandoc-2.14.0.3,Simplifier,Main,49.94,28.629
pandoc-2.14.0.3,Simplifier,Main,25.01,19.493
pandoc-2.14.0.3,Simplifier,Main,22.67,13.949
pandoc-2.14.0.3,Floatinwards,Main,0.74,0.86
pandoc-2.14.0.3,Calledarityanalysis,Main,0.68,0.767
pandoc-2.14.0.3,Simplifier,Main,8.64,6.575
pandoc-2.14.0.3,Demandanalysis,Main,3.66,2.594
pandoc-2.14.0.3,ConstructedProductResultanalysis,Main,0.41,0.498
pandoc-2.14.0.3,WorkerWrapperbinds,Main,0.23,0.246
pandoc-2.14.0.3,Simplifier,Main,8.21,7.269
pandoc-2.14.0.3,Exitificationtransformation,Main,0.45,0.409
pandoc-2.14.0.3,Floatinwards,Main,0.7,0.794
pandoc-2.14.0.3,Simplifier,Main,8.82,6.934
pandoc-2.14.0.3,Demandanalysis,Main,3.14,2.463
pandoc-2.14.0.3,CoreTidy,Main,6.77,1.257
pandoc-2.14.0.3,CorePrep,Main,1.97,1.563
pandoc-2.14.0.3,CodeGen,Main,58.35,50.877
aeson-1.5.6.0,Parser,Data.Aeson.Internal.Functions,0.74,1.34
aeson-1.5.6.0,Desugar,Data.Aeson.Internal.Functions,1.04,1.275
aeson-1.5.6.0,Simplifier,Data.Aeson.Internal.Functions,4.91,5.937
aeson-1.5.6.0,Specialise,Data.Aeson.Internal.Functions,0.24,0.401
aeson-1.5.6.0,Simplifier,Data.Aeson.Internal.Functions,10.42,8.77
aeson-1.5.6.0,Simplifier,Data.Aeson.Internal.Functions,3.83,6.416
aeson-1.5.6.0,Simplifier,Data.Aeson.Internal.Functions,2.1,3.18
aeson-1.5.6.0,Floatinwards,Data.Aeson.Internal.Functions,0.37,0.853
aeson-1.5.6.0,Calledarityanalysis,Data.Aeson.Internal.Functions,0.27,0.526
aeson-1.5.6.0,Simplifier,Data.Aeson.Internal.Functions,5.71,9.475
aeson-1.5.6.0,Demandanalysis,Data.Aeson.Internal.Functions,0.84,1.544
aeson-1.5.6.0,ConstructedProductResultanalysis,Data.Aeson.Internal.Functions,0.26,0.376
aeson-1.5.6.0,WorkerWrapperbinds,Data.Aeson.Internal.Functions,0.18,0.234
aeson-1.5.6.0,Simplifier,Data.Aeson.Internal.Functions,5.03,7.513
aeson-1.5.6.0,Exitificationtransformation,Data.Aeson.Internal.Functions,7.0e-2,0.108
aeson-1.5.6.0,Floatinwards,Data.Aeson.Internal.Functions,0.37,0.762
aeson-1.5.6.0,Liberatecase,Data.Aeson.Internal.Functions,0.19,0.344
aeson-1.5.6.0,Simplifier,Data.Aeson.Internal.Functions,2.05,2.64
aeson-1.5.6.0,SpecConstr,Data.Aeson.Internal.Functions,0.51,0.789
aeson-1.5.6.0,Simplifier,Data.Aeson.Internal.Functions,7.8,7.17
aeson-1.5.6.0,Demandanalysis,Data.Aeson.Internal.Functions,0.68,1.26
aeson-1.5.6.0,CoreTidy,Data.Aeson.Internal.Functions,0.61,0.863
aeson-1.5.6.0,CorePrep,Data.Aeson.Internal.Functions,0.48,0.823
aeson-1.5.6.0,CodeGen,Data.Aeson.Internal.Functions,10.07,15.722
aeson-1.5.6.0,CorePrep,Data.Aeson.Internal.Functions,0.49,0.822
aeson-1.5.6.0,CodeGen,Data.Aeson.Internal.Functions,10.32,16.048
aeson-1.5.6.0,Parser,Data.Aeson.Parser.UnescapePure,3.14,9.284
aeson-1.5.6.0,Desugar,Data.Aeson.Parser.UnescapePure,16.85,16.815
aeson-1.5.6.0,Simplifier,Data.Aeson.Parser.UnescapePure,40.29,46.237
aeson-1.5.6.0,Specialise,Data.Aeson.Parser.UnescapePure,0.8,1.41
aeson-1.5.6.0,Simplifier,Data.Aeson.Parser.UnescapePure,27.29,32.723
aeson-1.5.6.0,Simplifier,Data.Aeson.Parser.UnescapePure,24.94,29.739
aeson-1.5.6.0,Simplifier,Data.Aeson.Parser.UnescapePure,20.12,25.118
aeson-1.5.6.0,Floatinwards,Data.Aeson.Parser.UnescapePure,0.77,1.905
aeson-1.5.6.0,Calledarityanalysis,Data.Aeson.Parser.UnescapePure,0.68,1.385
aeson-1.5.6.0,Simplifier,Data.Aeson.Parser.UnescapePure,11.65,13.298
aeson-1.5.6.0,Demandanalysis,Data.Aeson.Parser.UnescapePure,2.38,5.603
aeson-1.5.6.0,ConstructedProductResultanalysis,Data.Aeson.Parser.UnescapePure,0.6,0.833
aeson-1.5.6.0,WorkerWrapperbinds,Data.Aeson.Parser.UnescapePure,0.39,0.432
aeson-1.5.6.0,Simplifier,Data.Aeson.Parser.UnescapePure,17.76,20.503
aeson-1.5.6.0,Exitificationtransformation,Data.Aeson.Parser.UnescapePure,0.16,0.298
aeson-1.5.6.0,Floatinwards,Data.Aeson.Parser.UnescapePure,2.94,1.864
aeson-1.5.6.0,Liberatecase,Data.Aeson.Parser.UnescapePure,0.42,0.971
aeson-1.5.6.0,Simplifier,Data.Aeson.Parser.UnescapePure,12.61,14.505
aeson-1.5.6.0,SpecConstr,Data.Aeson.Parser.UnescapePure,2.26,4.888
aeson-1.5.6.0,Simplifier,Data.Aeson.Parser.UnescapePure,30.29,30.229
aeson-1.5.6.0,Demandanalysis,Data.Aeson.Parser.UnescapePure,5.28,9.357
aeson-1.5.6.0,CoreTidy,Data.Aeson.Parser.UnescapePure,2.7,4.115
aeson-1.5.6.0,CorePrep,Data.Aeson.Parser.UnescapePure,3.69,6.853
aeson-1.5.6.0,CodeGen,Data.Aeson.Parser.UnescapePure,95.85,140.799
aeson-1.5.6.0,CorePrep,Data.Aeson.Parser.UnescapePure,5.71,6.835
aeson-1.5.6.0,CodeGen,Data.Aeson.Parser.UnescapePure,98.33,144.617
aeson-1.5.6.0,Parser,Data.Aeson.Parser.Unescape,1.5,5.692
aeson-1.5.6.0,Desugar,Data.Aeson.Parser.Unescape,0.24,0.207
aeson-1.5.6.0,Simplifier,Data.Aeson.Parser.Unescape,0.16,0.18
aeson-1.5.6.0,Specialise,Data.Aeson.Parser.Unescape,6.0e-2,7.6e-2
aeson-1.5.6.0,Simplifier,Data.Aeson.Parser.Unescape,0.11,0.112
aeson-1.5.6.0,Simplifier,Data.Aeson.Parser.Unescape,8.0e-2,0.112
aeson-1.5.6.0,Simplifier,Data.Aeson.Parser.Unescape,8.0e-2,0.112
aeson-1.5.6.0,Floatinwards,Data.Aeson.Parser.Unescape,6.0e-2,7.2e-2
aeson-1.5.6.0,Calledarityanalysis,Data.Aeson.Parser.Unescape,5.0e-2,7.5e-2
aeson-1.5.6.0,Simplifier,Data.Aeson.Parser.Unescape,8.0e-2,0.112
aeson-1.5.6.0,Demandanalysis,Data.Aeson.Parser.Unescape,5.0e-2,8.0e-2
aeson-1.5.6.0,ConstructedProductResultanalysis,Data.Aeson.Parser.Unescape,5.0e-2,7.5e-2
aeson-1.5.6.0,WorkerWrapperbinds,Data.Aeson.Parser.Unescape,5.0e-2,7.2e-2
aeson-1.5.6.0,Simplifier,Data.Aeson.Parser.Unescape,7.0e-2,0.113
aeson-1.5.6.0,Exitificationtransformation,Data.Aeson.Parser.Unescape,5.0e-2,7.0e-2
aeson-1.5.6.0,Floatinwards,Data.Aeson.Parser.Unescape,5.0e-2,7.2e-2
aeson-1.5.6.0,Liberatecase,Data.Aeson.Parser.Unescape,5.0e-2,7.1e-2
aeson-1.5.6.0,Simplifier,Data.Aeson.Parser.Unescape,0.11,0.113
aeson-1.5.6.0,SpecConstr,Data.Aeson.Parser.Unescape,5.0e-2,7.6e-2
aeson-1.5.6.0,Simplifier,Data.Aeson.Parser.Unescape,9.0e-2,0.113
aeson-1.5.6.0,Demandanalysis,Data.Aeson.Parser.Unescape,6.0e-2,8.0e-2
aeson-1.5.6.0,CoreTidy,Data.Aeson.Parser.Unescape,0.1,0.101
aeson-1.5.6.0,CorePrep,Data.Aeson.Parser.Unescape,7.0e-2,8.0e-2
aeson-1.5.6.0,CodeGen,Data.Aeson.Parser.Unescape,0.56,0.778
aeson-1.5.6.0,CorePrep,Data.Aeson.Parser.Unescape,9.0e-2,8.0e-2
aeson-1.5.6.0,CodeGen,Data.Aeson.Parser.Unescape,0.51,0.773
aeson-1.5.6.0,Parser,Data.Aeson.Types.Generic,3.49,8.808
aeson-1.5.6.0,Desugar,Data.Aeson.Types.Generic,1.21,1.666
aeson-1.5.6.0,Simplifier,Data.Aeson.Types.Generic,2.21,3.382
aeson-1.5.6.0,Specialise,Data.Aeson.Types.Generic,0.2,0.39
aeson-1.5.6.0,Simplifier,Data.Aeson.Types.Generic,1.42,1.77
aeson-1.5.6.0,Simplifier,Data.Aeson.Types.Generic,1.21,1.737
aeson-1.5.6.0,Simplifier,Data.Aeson.Types.Generic,1.11,1.737
aeson-1.5.6.0,Floatinwards,Data.Aeson.Types.Generic,0.12,0.29
aeson-1.5.6.0,Calledarityanalysis,Data.Aeson.Types.Generic,0.24,0.496
aeson-1.5.6.0,Simplifier,Data.Aeson.Types.Generic,2.28,3.451
aeson-1.5.6.0,Demandanalysis,Data.Aeson.Types.Generic,0.32,0.592
aeson-1.5.6.0,ConstructedProductResultanalysis,Data.Aeson.Types.Generic,0.17,0.21
aeson-1.5.6.0,WorkerWrapperbinds,Data.Aeson.Types.Generic,0.11,0.176
aeson-1.5.6.0,Simplifier,Data.Aeson.Types.Generic,1.12,1.811
aeson-1.5.6.0,Exitificationtransformation,Data.Aeson.Types.Generic,7.0e-2,0.113
aeson-1.5.6.0,Floatinwards,Data.Aeson.Types.Generic,0.12,0.27
aeson-1.5.6.0,Liberatecase,Data.Aeson.Types.Generic,9.0e-2,0.19
aeson-1.5.6.0,Simplifier,Data.Aeson.Types.Generic,1.11,1.794
aeson-1.5.6.0,SpecConstr,Data.Aeson.Types.Generic,0.16,0.359
aeson-1.5.6.0,Simplifier,Data.Aeson.Types.Generic,1.06,1.793
aeson-1.5.6.0,Demandanalysis,Data.Aeson.Types.Generic,0.28,0.561
aeson-1.5.6.0,CoreTidy,Data.Aeson.Types.Generic,0.79,1.102
aeson-1.5.6.0,CorePrep,Data.Aeson.Types.Generic,0.33,0.617
aeson-1.5.6.0,CodeGen,Data.Aeson.Types.Generic,12.25,14.475
aeson-1.5.6.0,CorePrep,Data.Aeson.Types.Generic,0.32,0.616
aeson-1.5.6.0,CodeGen,Data.Aeson.Types.Generic,8.29,14.242
aeson-1.5.6.0,Parser,Data.Aeson.Types.Internal,8.44,28.216
aeson-1.5.6.0,Desugar,Data.Aeson.Types.Internal,46.43,55.533
aeson-1.5.6.0,Simplifier,Data.Aeson.Types.Internal,190.69,187.199
aeson-1.5.6.0,Specialise,Data.Aeson.Types.Internal,23.31,15.921
aeson-1.5.6.0,Simplifier,Data.Aeson.Types.Internal,284.44,237.065
aeson-1.5.6.0,Simplifier,Data.Aeson.Types.Internal,230.5,218.011
aeson-1.5.6.0,Simplifier,Data.Aeson.Types.Internal,202.66,192.736
aeson-1.5.6.0,Floatinwards,Data.Aeson.Types.Internal,5.71,8.405
aeson-1.5.6.0,Calledarityanalysis,Data.Aeson.Types.Internal,16.69,11.237
aeson-1.5.6.0,Simplifier,Data.Aeson.Types.Internal,148.47,141.477
aeson-1.5.6.0,Demandanalysis,Data.Aeson.Types.Internal,44.85,49.013
aeson-1.5.6.0,ConstructedProductResultanalysis,Data.Aeson.Types.Internal,6.75,6.324
aeson-1.5.6.0,WorkerWrapperbinds,Data.Aeson.Types.Internal,3.69,2.992
aeson-1.5.6.0,Simplifier,Data.Aeson.Types.Internal,292.38,228.855
aeson-1.5.6.0,Exitificationtransformation,Data.Aeson.Types.Internal,4.11,2.832
aeson-1.5.6.0,Floatinwards,Data.Aeson.Types.Internal,5.23,8.049
aeson-1.5.6.0,Liberatecase,Data.Aeson.Types.Internal,5.21,6.434
aeson-1.5.6.0,Simplifier,Data.Aeson.Types.Internal,144.66,155.623
aeson-1.5.6.0,SpecConstr,Data.Aeson.Types.Internal,11.14,15.403
aeson-1.5.6.0,Simplifier,Data.Aeson.Types.Internal,188.59,171.685
aeson-1.5.6.0,Demandanalysis,Data.Aeson.Types.Internal,18.66,33.573
aeson-1.5.6.0,CoreTidy,Data.Aeson.Types.Internal,40.68,20.921
aeson-1.5.6.0,CorePrep,Data.Aeson.Types.Internal,12.61,18.856
aeson-1.5.6.0,CodeGen,Data.Aeson.Types.Internal,402.0,568.48
aeson-1.5.6.0,CorePrep,Data.Aeson.Types.Internal,13.76,18.823
aeson-1.5.6.0,CodeGen,Data.Aeson.Types.Internal,421.97,591.915
aeson-1.5.6.0,Parser,Data.Aeson.Parser.Internal,6.43,20.62
aeson-1.5.6.0,Desugar,Data.Aeson.Parser.Internal,33.06,32.195
aeson-1.5.6.0,Simplifier,Data.Aeson.Parser.Internal,1532.72,1194.439
aeson-1.5.6.0,Specialise,Data.Aeson.Parser.Internal,78.95,58.729
aeson-1.5.6.0,Simplifier,Data.Aeson.Parser.Internal,1899.3,1565.596
aeson-1.5.6.0,Simplifier,Data.Aeson.Parser.Internal,1765.97,1419.978
aeson-1.5.6.0,Simplifier,Data.Aeson.Parser.Internal,1247.01,1257.239
aeson-1.5.6.0,Floatinwards,Data.Aeson.Parser.Internal,62.29,83.362
aeson-1.5.6.0,Calledarityanalysis,Data.Aeson.Parser.Internal,51.77,75.976
aeson-1.5.6.0,Simplifier,Data.Aeson.Parser.Internal,1736.47,1247.164
aeson-1.5.6.0,Demandanalysis,Data.Aeson.Parser.Internal,191.6,327.522
aeson-1.5.6.0,ConstructedProductResultanalysis,Data.Aeson.Parser.Internal,41.22,48.961
aeson-1.5.6.0,WorkerWrapperbinds,Data.Aeson.Parser.Internal,22.3,23.98
aeson-1.5.6.0,Simplifier,Data.Aeson.Parser.Internal,1475.27,1596.305
aeson-1.5.6.0,Exitificationtransformation,Data.Aeson.Parser.Internal,11.45,10.669
aeson-1.5.6.0,Floatinwards,Data.Aeson.Parser.Internal,106.7,106.741
aeson-1.5.6.0,Liberatecase,Data.Aeson.Parser.Internal,25.41,53.199
aeson-1.5.6.0,Simplifier,Data.Aeson.Parser.Internal,1097.22,1000.586
aeson-1.5.6.0,SpecConstr,Data.Aeson.Parser.Internal,188.22,177.899
aeson-1.5.6.0,Simplifier,Data.Aeson.Parser.Internal,2545.79,1899.145
aeson-1.5.6.0,Demandanalysis,Data.Aeson.Parser.Internal,310.37,432.779
aeson-1.5.6.0,CoreTidy,Data.Aeson.Parser.Internal,98.3,124.245
aeson-1.5.6.0,CorePrep,Data.Aeson.Parser.Internal,235.19,235.197
aeson-1.5.6.0,CodeGen,Data.Aeson.Parser.Internal,2331.41,3885.708
aeson-1.5.6.0,CorePrep,Data.Aeson.Parser.Internal,128.07,225.095
aeson-1.5.6.0,CodeGen,Data.Aeson.Parser.Internal,2394.48,4030.315
aeson-1.5.6.0,Parser,Data.Aeson.Parser,0.28,1.089
aeson-1.5.6.0,Desugar,Data.Aeson.Parser,0.12,0.127
aeson-1.5.6.0,Simplifier,Data.Aeson.Parser,0.15,0.181
aeson-1.5.6.0,Specialise,Data.Aeson.Parser,5.0e-2,7.3e-2
aeson-1.5.6.0,Simplifier,Data.Aeson.Parser,8.0e-2,0.111
aeson-1.5.6.0,Simplifier,Data.Aeson.Parser,7.0e-2,0.111
aeson-1.5.6.0,Simplifier,Data.Aeson.Parser,7.0e-2,0.111
aeson-1.5.6.0,Floatinwards,Data.Aeson.Parser,4.0e-2,6.9e-2
aeson-1.5.6.0,Calledarityanalysis,Data.Aeson.Parser,4.0e-2,7.3e-2
aeson-1.5.6.0,Simplifier,Data.Aeson.Parser,7.0e-2,0.111
aeson-1.5.6.0,Demandanalysis,Data.Aeson.Parser,5.0e-2,7.8e-2
aeson-1.5.6.0,ConstructedProductResultanalysis,Data.Aeson.Parser,4.0e-2,7.2e-2
aeson-1.5.6.0,WorkerWrapperbinds,Data.Aeson.Parser,4.0e-2,6.9e-2
aeson-1.5.6.0,Simplifier,Data.Aeson.Parser,7.0e-2,0.111
aeson-1.5.6.0,Exitificationtransformation,Data.Aeson.Parser,3.0e-2,6.7e-2
aeson-1.5.6.0,Floatinwards,Data.Aeson.Parser,4.0e-2,6.9e-2
aeson-1.5.6.0,Liberatecase,Data.Aeson.Parser,4.0e-2,6.8e-2
aeson-1.5.6.0,Simplifier,Data.Aeson.Parser,8.0e-2,0.111
aeson-1.5.6.0,SpecConstr,Data.Aeson.Parser,6.0e-2,7.3e-2
aeson-1.5.6.0,Simplifier,Data.Aeson.Parser,9.0e-2,0.111
aeson-1.5.6.0,Demandanalysis,Data.Aeson.Parser,5.0e-2,7.8e-2
aeson-1.5.6.0,CoreTidy,Data.Aeson.Parser,9.0e-2,9.8e-2
aeson-1.5.6.0,CorePrep,Data.Aeson.Parser,7.0e-2,7.7e-2
aeson-1.5.6.0,CodeGen,Data.Aeson.Parser,0.5,0.757
aeson-1.5.6.0,CorePrep,Data.Aeson.Parser,0.11,7.7e-2
aeson-1.5.6.0,CodeGen,Data.Aeson.Parser,0.61,0.754
aeson-1.5.6.0,Parser,Data.Attoparsec.Time.Internal,0.84,1.348
aeson-1.5.6.0,Desugar,Data.Attoparsec.Time.Internal,0.83,0.965
aeson-1.5.6.0,Simplifier,Data.Attoparsec.Time.Internal,2.47,3.407
aeson-1.5.6.0,Specialise,Data.Attoparsec.Time.Internal,0.19,0.235
aeson-1.5.6.0,Simplifier,Data.Attoparsec.Time.Internal,1.99,2.625
aeson-1.5.6.0,Simplifier,Data.Attoparsec.Time.Internal,0.8,1.076
aeson-1.5.6.0,Simplifier,Data.Attoparsec.Time.Internal,0.36,0.501
aeson-1.5.6.0,Floatinwards,Data.Attoparsec.Time.Internal,9.0e-2,0.137
aeson-1.5.6.0,Calledarityanalysis,Data.Attoparsec.Time.Internal,0.11,0.173
aeson-1.5.6.0,Simplifier,Data.Attoparsec.Time.Internal,0.74,1.076
aeson-1.5.6.0,Demandanalysis,Data.Attoparsec.Time.Internal,0.17,0.251
aeson-1.5.6.0,ConstructedProductResultanalysis,Data.Attoparsec.Time.Internal,9.0e-2,0.108
aeson-1.5.6.0,WorkerWrapperbinds,Data.Attoparsec.Time.Internal,0.13,0.133
aeson-1.5.6.0,Simplifier,Data.Attoparsec.Time.Internal,1.42,2.069
aeson-1.5.6.0,Exitificationtransformation,Data.Attoparsec.Time.Internal,6.0e-2,8.4e-2
aeson-1.5.6.0,Floatinwards,Data.Attoparsec.Time.Internal,9.0e-2,0.144
aeson-1.5.6.0,Liberatecase,Data.Attoparsec.Time.Internal,7.0e-2,0.111
aeson-1.5.6.0,Simplifier,Data.Attoparsec.Time.Internal,0.49,0.665
aeson-1.5.6.0,SpecConstr,Data.Attoparsec.Time.Internal,0.1,0.164
aeson-1.5.6.0,Simplifier,Data.Attoparsec.Time.Internal,0.46,0.665
aeson-1.5.6.0,Demandanalysis,Data.Attoparsec.Time.Internal,0.18,0.269
aeson-1.5.6.0,CoreTidy,Data.Attoparsec.Time.Internal,0.31,0.368
aeson-1.5.6.0,CorePrep,Data.Attoparsec.Time.Internal,0.2,0.317
aeson-1.5.6.0,CodeGen,Data.Attoparsec.Time.Internal,5.07,7.793
aeson-1.5.6.0,CorePrep,Data.Attoparsec.Time.Internal,0.25,0.316
aeson-1.5.6.0,CodeGen,Data.Attoparsec.Time.Internal,5.0,7.923
aeson-1.5.6.0,Parser,Data.Attoparsec.Time,1.98,4.962
aeson-1.5.6.0,Desugar,Data.Attoparsec.Time,6.68,10.513
aeson-1.5.6.0,Simplifier,Data.Attoparsec.Time,104.52,129.088
aeson-1.5.6.0,Specialise,Data.Attoparsec.Time,4.7,7.052
aeson-1.5.6.0,Simplifier,Data.Attoparsec.Time,114.11,141.918
aeson-1.5.6.0,Simplifier,Data.Attoparsec.Time,107.31,121.529
aeson-1.5.6.0,Simplifier,Data.Attoparsec.Time,83.18,109.27
aeson-1.5.6.0,Floatinwards,Data.Attoparsec.Time,5.37,9.686
aeson-1.5.6.0,Calledarityanalysis,Data.Attoparsec.Time,3.86,5.665
aeson-1.5.6.0,Simplifier,Data.Attoparsec.Time,103.28,111.066
aeson-1.5.6.0,Demandanalysis,Data.Attoparsec.Time,11.53,21.535
aeson-1.5.6.0,ConstructedProductResultanalysis,Data.Attoparsec.Time,4.62,4.079
aeson-1.5.6.0,WorkerWrapperbinds,Data.Attoparsec.Time,3.51,3.948
aeson-1.5.6.0,Simplifier,Data.Attoparsec.Time,119.88,165.553
aeson-1.5.6.0,Exitificationtransformation,Data.Attoparsec.Time,1.67,2.698
aeson-1.5.6.0,Floatinwards,Data.Attoparsec.Time,7.03,12.203
aeson-1.5.6.0,Liberatecase,Data.Attoparsec.Time,2.63,3.857
aeson-1.5.6.0,Simplifier,Data.Attoparsec.Time,94.67,72.05
aeson-1.5.6.0,SpecConstr,Data.Attoparsec.Time,7.69,13.532
aeson-1.5.6.0,Simplifier,Data.Attoparsec.Time,118.95,159.657
aeson-1.5.6.0,Demandanalysis,Data.Attoparsec.Time,14.57,28.011
aeson-1.5.6.0,CoreTidy,Data.Attoparsec.Time,9.98,11.055
aeson-1.5.6.0,CorePrep,Data.Attoparsec.Time,12.99,21.781
aeson-1.5.6.0,CodeGen,Data.Attoparsec.Time,275.95,375.727
aeson-1.5.6.0,CorePrep,Data.Attoparsec.Time,11.54,20.143
aeson-1.5.6.0,CodeGen,Data.Attoparsec.Time,225.69,384.494
aeson-1.5.6.0,Parser,Data.Aeson.Parser.Time,1.01,2.314
aeson-1.5.6.0,Desugar,Data.Aeson.Parser.Time,0.71,1.015
aeson-1.5.6.0,Simplifier,Data.Aeson.Parser.Time,1.66,2.072
aeson-1.5.6.0,Specialise,Data.Aeson.Parser.Time,0.19,0.253
aeson-1.5.6.0,Simplifier,Data.Aeson.Parser.Time,4.56,6.256
aeson-1.5.6.0,Simplifier,Data.Aeson.Parser.Time,2.36,2.852
aeson-1.5.6.0,Simplifier,Data.Aeson.Parser.Time,0.82,1.125
aeson-1.5.6.0,Floatinwards,Data.Aeson.Parser.Time,0.19,0.304
aeson-1.5.6.0,Calledarityanalysis,Data.Aeson.Parser.Time,0.18,0.293
aeson-1.5.6.0,Simplifier,Data.Aeson.Parser.Time,1.95,2.306
aeson-1.5.6.0,Demandanalysis,Data.Aeson.Parser.Time,0.36,0.548
aeson-1.5.6.0,ConstructedProductResultanalysis,Data.Aeson.Parser.Time,0.13,0.148
aeson-1.5.6.0,WorkerWrapperbinds,Data.Aeson.Parser.Time,0.15,0.151
aeson-1.5.6.0,Simplifier,Data.Aeson.Parser.Time,1.72,2.504
aeson-1.5.6.0,Exitificationtransformation,Data.Aeson.Parser.Time,7.0e-2,9.5e-2
aeson-1.5.6.0,Floatinwards,Data.Aeson.Parser.Time,0.16,0.275
aeson-1.5.6.0,Liberatecase,Data.Aeson.Parser.Time,9.0e-2,0.164
aeson-1.5.6.0,Simplifier,Data.Aeson.Parser.Time,0.99,1.334
aeson-1.5.6.0,SpecConstr,Data.Aeson.Parser.Time,0.17,0.273
aeson-1.5.6.0,Simplifier,Data.Aeson.Parser.Time,0.97,1.334
aeson-1.5.6.0,Demandanalysis,Data.Aeson.Parser.Time,0.36,0.615
aeson-1.5.6.0,CoreTidy,Data.Aeson.Parser.Time,0.52,0.685
aeson-1.5.6.0,CorePrep,Data.Aeson.Parser.Time,0.42,0.702
aeson-1.5.6.0,CodeGen,Data.Aeson.Parser.Time,12.42,18.652
aeson-1.5.6.0,CorePrep,Data.Aeson.Parser.Time,0.51,0.701
aeson-1.5.6.0,CodeGen,Data.Aeson.Parser.Time,12.19,19.434
aeson-1.5.6.0,Parser,Data.Aeson.Types.FromJSON,31.37,104.228
aeson-1.5.6.0,Desugar,Data.Aeson.Types.FromJSON,140.48,124.126
aeson-1.5.6.0,Simplifier,Data.Aeson.Types.FromJSON,1316.03,1394.093
aeson-1.5.6.0,Specialise,Data.Aeson.Types.FromJSON,127.95,119.945
aeson-1.5.6.0,Simplifier,Data.Aeson.Types.FromJSON,2132.67,1677.206
aeson-1.5.6.0,Simplifier,Data.Aeson.Types.FromJSON,3974.63,3266.312
aeson-1.5.6.0,Simplifier,Data.Aeson.Types.FromJSON,3533.01,2810.677
aeson-1.5.6.0,Floatinwards,Data.Aeson.Types.FromJSON,162.23,306.836
aeson-1.5.6.0,Calledarityanalysis,Data.Aeson.Types.FromJSON,337.47,411.474
aeson-1.5.6.0,Simplifier,Data.Aeson.Types.FromJSON,3344.8,2483.905
aeson-1.5.6.0,Demandanalysis,Data.Aeson.Types.FromJSON,313.51,431.571
aeson-1.5.6.0,ConstructedProductResultanalysis,Data.Aeson.Types.FromJSON,74.0,82.027
aeson-1.5.6.0,WorkerWrapperbinds,Data.Aeson.Types.FromJSON,46.38,39.479
aeson-1.5.6.0,Simplifier,Data.Aeson.Types.FromJSON,3867.55,2737.195
aeson-1.5.6.0,Exitificationtransformation,Data.Aeson.Types.FromJSON,51.38,75.272
aeson-1.5.6.0,Floatinwards,Data.Aeson.Types.FromJSON,112.02,249.79
aeson-1.5.6.0,Liberatecase,Data.Aeson.Types.FromJSON,47.77,73.673
aeson-1.5.6.0,Simplifier,Data.Aeson.Types.FromJSON,2125.64,1916.58
aeson-1.5.6.0,SpecConstr,Data.Aeson.Types.FromJSON,160.91,165.999
aeson-1.5.6.0,Simplifier,Data.Aeson.Types.FromJSON,3549.25,2087.782
aeson-1.5.6.0,Demandanalysis,Data.Aeson.Types.FromJSON,162.32,323.535
aeson-1.5.6.0,CoreTidy,Data.Aeson.Types.FromJSON,182.33,163.962
aeson-1.5.6.0,CorePrep,Data.Aeson.Types.FromJSON,292.55,218.339
aeson-1.5.6.0,CodeGen,Data.Aeson.Types.FromJSON,4143.24,6571.963
aeson-1.5.6.0,CorePrep,Data.Aeson.Types.FromJSON,153.82,217.828
aeson-1.5.6.0,CodeGen,Data.Aeson.Types.FromJSON,4609.79,6851.993
aeson-1.5.6.0,Parser,Data.Aeson.Internal,0.25,0.452
aeson-1.5.6.0,Desugar,Data.Aeson.Internal,0.16,0.127
aeson-1.5.6.0,Simplifier,Data.Aeson.Internal,0.22,0.189
aeson-1.5.6.0,Specialise,Data.Aeson.Internal,7.0e-2,7.4e-2
aeson-1.5.6.0,Simplifier,Data.Aeson.Internal,7.0e-2,0.113
aeson-1.5.6.0,Simplifier,Data.Aeson.Internal,7.0e-2,0.113
aeson-1.5.6.0,Simplifier,Data.Aeson.Internal,7.0e-2,0.113
aeson-1.5.6.0,Floatinwards,Data.Aeson.Internal,4.0e-2,7.0e-2
aeson-1.5.6.0,Calledarityanalysis,Data.Aeson.Internal,5.0e-2,7.3e-2
aeson-1.5.6.0,Simplifier,Data.Aeson.Internal,7.0e-2,0.113
aeson-1.5.6.0,Demandanalysis,Data.Aeson.Internal,5.0e-2,7.8e-2
aeson-1.5.6.0,ConstructedProductResultanalysis,Data.Aeson.Internal,4.0e-2,7.3e-2
aeson-1.5.6.0,WorkerWrapperbinds,Data.Aeson.Internal,4.0e-2,7.0e-2
aeson-1.5.6.0,Simplifier,Data.Aeson.Internal,7.0e-2,0.113
aeson-1.5.6.0,Exitificationtransformation,Data.Aeson.Internal,3.0e-2,6.8e-2
aeson-1.5.6.0,Floatinwards,Data.Aeson.Internal,3.0e-2,7.0e-2
aeson-1.5.6.0,Liberatecase,Data.Aeson.Internal,4.0e-2,6.9e-2
aeson-1.5.6.0,Simplifier,Data.Aeson.Internal,7.0e-2,0.113
aeson-1.5.6.0,SpecConstr,Data.Aeson.Internal,4.0e-2,7.3e-2
aeson-1.5.6.0,Simplifier,Data.Aeson.Internal,7.0e-2,0.113
aeson-1.5.6.0,Demandanalysis,Data.Aeson.Internal,4.0e-2,7.8e-2
aeson-1.5.6.0,CoreTidy,Data.Aeson.Internal,8.0e-2,9.9e-2
aeson-1.5.6.0,CorePrep,Data.Aeson.Internal,6.0e-2,7.8e-2
aeson-1.5.6.0,CodeGen,Data.Aeson.Internal,0.5,0.759
aeson-1.5.6.0,CorePrep,Data.Aeson.Internal,0.12,7.8e-2
aeson-1.5.6.0,CodeGen,Data.Aeson.Internal,0.79,0.755
aeson-1.5.6.0,Parser,Data.Aeson.Internal.Time,2.86,5.818
aeson-1.5.6.0,Desugar,Data.Aeson.Internal.Time,0.27,0.208
aeson-1.5.6.0,Simplifier,Data.Aeson.Internal.Time,0.15,0.179
aeson-1.5.6.0,Specialise,Data.Aeson.Internal.Time,5.0e-2,7.5e-2
aeson-1.5.6.0,Simplifier,Data.Aeson.Internal.Time,7.0e-2,0.112
aeson-1.5.6.0,Simplifier,Data.Aeson.Internal.Time,7.0e-2,0.112
aeson-1.5.6.0,Simplifier,Data.Aeson.Internal.Time,7.0e-2,0.112
aeson-1.5.6.0,Floatinwards,Data.Aeson.Internal.Time,4.0e-2,7.1e-2
aeson-1.5.6.0,Calledarityanalysis,Data.Aeson.Internal.Time,4.0e-2,7.5e-2
aeson-1.5.6.0,Simplifier,Data.Aeson.Internal.Time,7.0e-2,0.112
aeson-1.5.6.0,Demandanalysis,Data.Aeson.Internal.Time,5.0e-2,8.0e-2
aeson-1.5.6.0,ConstructedProductResultanalysis,Data.Aeson.Internal.Time,4.0e-2,7.4e-2
aeson-1.5.6.0,WorkerWrapperbinds,Data.Aeson.Internal.Time,5.0e-2,7.1e-2
aeson-1.5.6.0,Simplifier,Data.Aeson.Internal.Time,8.0e-2,0.112
aeson-1.5.6.0,Exitificationtransformation,Data.Aeson.Internal.Time,4.0e-2,7.0e-2
aeson-1.5.6.0,Floatinwards,Data.Aeson.Internal.Time,4.0e-2,7.1e-2
aeson-1.5.6.0,Liberatecase,Data.Aeson.Internal.Time,4.0e-2,7.0e-2
aeson-1.5.6.0,Simplifier,Data.Aeson.Internal.Time,8.0e-2,0.113
aeson-1.5.6.0,SpecConstr,Data.Aeson.Internal.Time,5.0e-2,7.5e-2
aeson-1.5.6.0,Simplifier,Data.Aeson.Internal.Time,7.0e-2,0.113
aeson-1.5.6.0,Demandanalysis,Data.Aeson.Internal.Time,5.0e-2,8.0e-2
aeson-1.5.6.0,CoreTidy,Data.Aeson.Internal.Time,9.0e-2,0.101
aeson-1.5.6.0,CorePrep,Data.Aeson.Internal.Time,6.0e-2,7.9e-2
aeson-1.5.6.0,CodeGen,Data.Aeson.Internal.Time,0.6,0.778
aeson-1.5.6.0,CorePrep,Data.Aeson.Internal.Time,8.0e-2,7.9e-2
aeson-1.5.6.0,CodeGen,Data.Aeson.Internal.Time,0.6,0.773
aeson-1.5.6.0,Parser,Data.Aeson.Encoding.Builder,4.95,10.608
aeson-1.5.6.0,Desugar,Data.Aeson.Encoding.Builder,11.26,16.505
aeson-1.5.6.0,Simplifier,Data.Aeson.Encoding.Builder,116.97,154.53
aeson-1.5.6.0,Specialise,Data.Aeson.Encoding.Builder,4.7,4.658
aeson-1.5.6.0,Simplifier,Data.Aeson.Encoding.Builder,131.87,115.853
aeson-1.5.6.0,Simplifier,Data.Aeson.Encoding.Builder,154.13,181.418
aeson-1.5.6.0,Simplifier,Data.Aeson.Encoding.Builder,84.03,114.618
aeson-1.5.6.0,Floatinwards,Data.Aeson.Encoding.Builder,5.6,10.015
aeson-1.5.6.0,Calledarityanalysis,Data.Aeson.Encoding.Builder,4.2,7.579
aeson-1.5.6.0,Simplifier,Data.Aeson.Encoding.Builder,118.63,160.19
aeson-1.5.6.0,Demandanalysis,Data.Aeson.Encoding.Builder,13.17,27.51
aeson-1.5.6.0,ConstructedProductResultanalysis,Data.Aeson.Encoding.Builder,4.72,3.941
aeson-1.5.6.0,WorkerWrapperbinds,Data.Aeson.Encoding.Builder,1.62,1.523
aeson-1.5.6.0,Simplifier,Data.Aeson.Encoding.Builder,124.34,132.233
aeson-1.5.6.0,Exitificationtransformation,Data.Aeson.Encoding.Builder,2.19,1.831
aeson-1.5.6.0,Floatinwards,Data.Aeson.Encoding.Builder,6.45,10.543
aeson-1.5.6.0,Liberatecase,Data.Aeson.Encoding.Builder,4.01,5.078
aeson-1.5.6.0,Simplifier,Data.Aeson.Encoding.Builder,98.82,131.957
aeson-1.5.6.0,SpecConstr,Data.Aeson.Encoding.Builder,8.74,11.935
aeson-1.5.6.0,Simplifier,Data.Aeson.Encoding.Builder,65.56,88.363
aeson-1.5.6.0,Demandanalysis,Data.Aeson.Encoding.Builder,16.92,35.762
aeson-1.5.6.0,CoreTidy,Data.Aeson.Encoding.Builder,12.42,12.664
aeson-1.5.6.0,CorePrep,Data.Aeson.Encoding.Builder,32.74,22.977
aeson-1.5.6.0,CodeGen,Data.Aeson.Encoding.Builder,195.83,335.986
aeson-1.5.6.0,CorePrep,Data.Aeson.Encoding.Builder,13.14,22.958
aeson-1.5.6.0,CodeGen,Data.Aeson.Encoding.Builder,196.54,347.645
aeson-1.5.6.0,Parser,Data.Aeson.Encoding.Internal,3.79,10.285
aeson-1.5.6.0,Desugar,Data.Aeson.Encoding.Internal,5.34,8.766
aeson-1.5.6.0,Simplifier,Data.Aeson.Encoding.Internal,54.47,62.234
aeson-1.5.6.0,Specialise,Data.Aeson.Encoding.Internal,1.35,2.123
aeson-1.5.6.0,Simplifier,Data.Aeson.Encoding.Internal,38.21,41.891
aeson-1.5.6.0,Simplifier,Data.Aeson.Encoding.Internal,68.18,73.226
aeson-1.5.6.0,Simplifier,Data.Aeson.Encoding.Internal,53.76,57.59
aeson-1.5.6.0,Floatinwards,Data.Aeson.Encoding.Internal,1.62,2.697
aeson-1.5.6.0,Calledarityanalysis,Data.Aeson.Encoding.Internal,2.36,3.333
aeson-1.5.6.0,Simplifier,Data.Aeson.Encoding.Internal,27.61,29.235
aeson-1.5.6.0,Demandanalysis,Data.Aeson.Encoding.Internal,5.44,9.241
aeson-1.5.6.0,ConstructedProductResultanalysis,Data.Aeson.Encoding.Internal,2.09,1.632
aeson-1.5.6.0,WorkerWrapperbinds,Data.Aeson.Encoding.Internal,1.07,0.982
aeson-1.5.6.0,Simplifier,Data.Aeson.Encoding.Internal,40.88,45.849
aeson-1.5.6.0,Exitificationtransformation,Data.Aeson.Encoding.Internal,1.26,1.156
aeson-1.5.6.0,Floatinwards,Data.Aeson.Encoding.Internal,2.39,3.336
aeson-1.5.6.0,Liberatecase,Data.Aeson.Encoding.Internal,1.77,2.234
aeson-1.5.6.0,Simplifier,Data.Aeson.Encoding.Internal,40.95,41.98
aeson-1.5.6.0,SpecConstr,Data.Aeson.Encoding.Internal,3.59,4.559
aeson-1.5.6.0,Simplifier,Data.Aeson.Encoding.Internal,40.97,41.987
aeson-1.5.6.0,Demandanalysis,Data.Aeson.Encoding.Internal,33.45,10.618
aeson-1.5.6.0,CoreTidy,Data.Aeson.Encoding.Internal,6.95,8.27
aeson-1.5.6.0,CorePrep,Data.Aeson.Encoding.Internal,6.01,9.119
aeson-1.5.6.0,CodeGen,Data.Aeson.Encoding.Internal,123.92,192.015
aeson-1.5.6.0,CorePrep,Data.Aeson.Encoding.Internal,6.29,9.11
aeson-1.5.6.0,CodeGen,Data.Aeson.Encoding.Internal,135.35,199.399
aeson-1.5.6.0,Parser,Data.Aeson.Encoding,0.37,0.998
aeson-1.5.6.0,Desugar,Data.Aeson.Encoding,0.13,0.14
aeson-1.5.6.0,Simplifier,Data.Aeson.Encoding,0.17,0.182
aeson-1.5.6.0,Specialise,Data.Aeson.Encoding,5.0e-2,7.4e-2
aeson-1.5.6.0,Simplifier,Data.Aeson.Encoding,8.0e-2,0.111
aeson-1.5.6.0,Simplifier,Data.Aeson.Encoding,7.0e-2,0.111
aeson-1.5.6.0,Simplifier,Data.Aeson.Encoding,7.0e-2,0.111
aeson-1.5.6.0,Floatinwards,Data.Aeson.Encoding,4.0e-2,7.0e-2
aeson-1.5.6.0,Calledarityanalysis,Data.Aeson.Encoding,4.0e-2,7.3e-2
aeson-1.5.6.0,Simplifier,Data.Aeson.Encoding,7.0e-2,0.111
aeson-1.5.6.0,Demandanalysis,Data.Aeson.Encoding,5.0e-2,7.8e-2
aeson-1.5.6.0,ConstructedProductResultanalysis,Data.Aeson.Encoding,5.0e-2,7.3e-2
aeson-1.5.6.0,WorkerWrapperbinds,Data.Aeson.Encoding,4.0e-2,7.0e-2
aeson-1.5.6.0,Simplifier,Data.Aeson.Encoding,7.0e-2,0.111
aeson-1.5.6.0,Exitificationtransformation,Data.Aeson.Encoding,4.0e-2,6.8e-2
aeson-1.5.6.0,Floatinwards,Data.Aeson.Encoding,4.0e-2,7.0e-2
aeson-1.5.6.0,Liberatecase,Data.Aeson.Encoding,4.0e-2,6.9e-2
aeson-1.5.6.0,Simplifier,Data.Aeson.Encoding,7.0e-2,0.112
aeson-1.5.6.0,SpecConstr,Data.Aeson.Encoding,5.0e-2,7.3e-2
aeson-1.5.6.0,Simplifier,Data.Aeson.Encoding,7.0e-2,0.112
aeson-1.5.6.0,Demandanalysis,Data.Aeson.Encoding,5.0e-2,7.8e-2
aeson-1.5.6.0,CoreTidy,Data.Aeson.Encoding,9.0e-2,9.9e-2
aeson-1.5.6.0,CorePrep,Data.Aeson.Encoding,6.0e-2,7.8e-2
aeson-1.5.6.0,CodeGen,Data.Aeson.Encoding,0.49,0.759
aeson-1.5.6.0,CorePrep,Data.Aeson.Encoding,8.0e-2,7.8e-2
aeson-1.5.6.0,CodeGen,Data.Aeson.Encoding,0.53,0.755
aeson-1.5.6.0,Parser,Data.Aeson.Types.ToJSON,38.04,115.033
aeson-1.5.6.0,Desugar,Data.Aeson.Types.ToJSON,98.38,146.738
aeson-1.5.6.0,Simplifier,Data.Aeson.Types.ToJSON,2121.2,2119.777
aeson-1.5.6.0,Specialise,Data.Aeson.Types.ToJSON,70.98,110.496
aeson-1.5.6.0,Simplifier,Data.Aeson.Types.ToJSON,2517.12,2386.28
aeson-1.5.6.0,Simplifier,Data.Aeson.Types.ToJSON,6224.22,5299.368
aeson-1.5.6.0,Simplifier,Data.Aeson.Types.ToJSON,5269.12,4321.463
aeson-1.5.6.0,Floatinwards,Data.Aeson.Types.ToJSON,162.3,258.58
aeson-1.5.6.0,Calledarityanalysis,Data.Aeson.Types.ToJSON,164.37,190.073
aeson-1.5.6.0,Simplifier,Data.Aeson.Types.ToJSON,3832.78,2901.256
aeson-1.5.6.0,Demandanalysis,Data.Aeson.Types.ToJSON,402.05,735.216
aeson-1.5.6.0,ConstructedProductResultanalysis,Data.Aeson.Types.ToJSON,99.34,115.048
aeson-1.5.6.0,WorkerWrapperbinds,Data.Aeson.Types.ToJSON,91.51,59.969
aeson-1.5.6.0,Simplifier,Data.Aeson.Types.ToJSON,5837.95,4297.39
aeson-1.5.6.0,Exitificationtransformation,Data.Aeson.Types.ToJSON,50.42,78.536
aeson-1.5.6.0,Floatinwards,Data.Aeson.Types.ToJSON,169.66,190.584
aeson-1.5.6.0,Liberatecase,Data.Aeson.Types.ToJSON,46.23,82.039
aeson-1.5.6.0,Simplifier,Data.Aeson.Types.ToJSON,3835.12,3007.255
aeson-1.5.6.0,SpecConstr,Data.Aeson.Types.ToJSON,245.38,206.14
aeson-1.5.6.0,Simplifier,Data.Aeson.Types.ToJSON,1901.39,1638.843
aeson-1.5.6.0,Demandanalysis,Data.Aeson.Types.ToJSON,245.04,476.555
aeson-1.5.6.0,CoreTidy,Data.Aeson.Types.ToJSON,303.32,251.285
aeson-1.5.6.0,CorePrep,Data.Aeson.Types.ToJSON,481.97,321.556
aeson-1.5.6.0,CodeGen,Data.Aeson.Types.ToJSON,4798.37,7195.295
aeson-1.5.6.0,CorePrep,Data.Aeson.Types.ToJSON,221.32,320.423
aeson-1.5.6.0,CodeGen,Data.Aeson.Types.ToJSON,5096.18,7533.842
aeson-1.5.6.0,Parser,Data.Aeson.Types.Class,1.9,7.772
aeson-1.5.6.0,Desugar,Data.Aeson.Types.Class,0.37,0.26
aeson-1.5.6.0,Simplifier,Data.Aeson.Types.Class,0.21,0.198
aeson-1.5.6.0,Specialise,Data.Aeson.Types.Class,6.0e-2,7.5e-2
aeson-1.5.6.0,Simplifier,Data.Aeson.Types.Class,9.0e-2,0.114
aeson-1.5.6.0,Simplifier,Data.Aeson.Types.Class,8.0e-2,0.114
aeson-1.5.6.0,Simplifier,Data.Aeson.Types.Class,7.0e-2,0.114
aeson-1.5.6.0,Floatinwards,Data.Aeson.Types.Class,5.0e-2,7.1e-2
aeson-1.5.6.0,Calledarityanalysis,Data.Aeson.Types.Class,4.0e-2,7.4e-2
aeson-1.5.6.0,Simplifier,Data.Aeson.Types.Class,9.0e-2,0.114
aeson-1.5.6.0,Demandanalysis,Data.Aeson.Types.Class,5.0e-2,7.9e-2
aeson-1.5.6.0,ConstructedProductResultanalysis,Data.Aeson.Types.Class,4.0e-2,7.4e-2
aeson-1.5.6.0,WorkerWrapperbinds,Data.Aeson.Types.Class,5.0e-2,7.1e-2
aeson-1.5.6.0,Simplifier,Data.Aeson.Types.Class,8.0e-2,0.114
aeson-1.5.6.0,Exitificationtransformation,Data.Aeson.Types.Class,4.0e-2,6.9e-2
aeson-1.5.6.0,Floatinwards,Data.Aeson.Types.Class,4.0e-2,7.1e-2
aeson-1.5.6.0,Liberatecase,Data.Aeson.Types.Class,4.0e-2,7.0e-2
aeson-1.5.6.0,Simplifier,Data.Aeson.Types.Class,8.0e-2,0.115
aeson-1.5.6.0,SpecConstr,Data.Aeson.Types.Class,5.0e-2,7.4e-2
aeson-1.5.6.0,Simplifier,Data.Aeson.Types.Class,8.0e-2,0.115
aeson-1.5.6.0,Demandanalysis,Data.Aeson.Types.Class,5.0e-2,7.9e-2
aeson-1.5.6.0,CoreTidy,Data.Aeson.Types.Class,9.0e-2,0.1
aeson-1.5.6.0,CorePrep,Data.Aeson.Types.Class,7.0e-2,7.8e-2
aeson-1.5.6.0,CodeGen,Data.Aeson.Types.Class,0.5,0.774
aeson-1.5.6.0,CorePrep,Data.Aeson.Types.Class,0.1,7.8e-2
aeson-1.5.6.0,CodeGen,Data.Aeson.Types.Class,0.6,0.77
aeson-1.5.6.0,Parser,Data.Aeson.Types,1.02,2.627
aeson-1.5.6.0,Desugar,Data.Aeson.Types,0.42,0.311
aeson-1.5.6.0,Simplifier,Data.Aeson.Types,0.73,0.713
aeson-1.5.6.0,Specialise,Data.Aeson.Types,7.0e-2,8.1e-2
aeson-1.5.6.0,Simplifier,Data.Aeson.Types,0.14,0.17
aeson-1.5.6.0,Simplifier,Data.Aeson.Types,0.13,0.166
aeson-1.5.6.0,Simplifier,Data.Aeson.Types,0.13,0.166
aeson-1.5.6.0,Floatinwards,Data.Aeson.Types,5.0e-2,7.4e-2
aeson-1.5.6.0,Calledarityanalysis,Data.Aeson.Types,7.0e-2,8.4e-2
aeson-1.5.6.0,Simplifier,Data.Aeson.Types,0.13,0.166
aeson-1.5.6.0,Demandanalysis,Data.Aeson.Types,0.1,0.11
aeson-1.5.6.0,ConstructedProductResultanalysis,Data.Aeson.Types,6.0e-2,7.4e-2
aeson-1.5.6.0,WorkerWrapperbinds,Data.Aeson.Types,5.0e-2,7.0e-2
aeson-1.5.6.0,Simplifier,Data.Aeson.Types,0.13,0.167
aeson-1.5.6.0,Exitificationtransformation,Data.Aeson.Types,5.0e-2,6.8e-2
aeson-1.5.6.0,Floatinwards,Data.Aeson.Types,5.0e-2,7.4e-2
aeson-1.5.6.0,Liberatecase,Data.Aeson.Types,5.0e-2,7.0e-2
aeson-1.5.6.0,Simplifier,Data.Aeson.Types,0.14,0.164
aeson-1.5.6.0,SpecConstr,Data.Aeson.Types,6.0e-2,8.0e-2
aeson-1.5.6.0,Simplifier,Data.Aeson.Types,0.15,0.164
aeson-1.5.6.0,Demandanalysis,Data.Aeson.Types,9.0e-2,0.106
aeson-1.5.6.0,CoreTidy,Data.Aeson.Types,0.12,0.118
aeson-1.5.6.0,CorePrep,Data.Aeson.Types,9.0e-2,9.6e-2
aeson-1.5.6.0,CodeGen,Data.Aeson.Types,1.35,1.553
aeson-1.5.6.0,CorePrep,Data.Aeson.Types,0.12,9.6e-2
aeson-1.5.6.0,CodeGen,Data.Aeson.Types,1.3,1.601
aeson-1.5.6.0,Parser,Data.Aeson.Text,1.24,3.132
aeson-1.5.6.0,Desugar,Data.Aeson.Text,4.59,5.385
aeson-1.5.6.0,Simplifier,Data.Aeson.Text,50.07,57.686
aeson-1.5.6.0,Specialise,Data.Aeson.Text,2.39,2.779
aeson-1.5.6.0,Simplifier,Data.Aeson.Text,62.59,61.597
aeson-1.5.6.0,Simplifier,Data.Aeson.Text,46.01,56.788
aeson-1.5.6.0,Simplifier,Data.Aeson.Text,66.79,57.968
aeson-1.5.6.0,Floatinwards,Data.Aeson.Text,2.65,4.693
aeson-1.5.6.0,Calledarityanalysis,Data.Aeson.Text,2.14,3.16
aeson-1.5.6.0,Simplifier,Data.Aeson.Text,47.7,56.395
aeson-1.5.6.0,Demandanalysis,Data.Aeson.Text,10.85,20.226
aeson-1.5.6.0,ConstructedProductResultanalysis,Data.Aeson.Text,3.06,2.937
aeson-1.5.6.0,WorkerWrapperbinds,Data.Aeson.Text,1.51,1.314
aeson-1.5.6.0,Simplifier,Data.Aeson.Text,53.19,64.246
aeson-1.5.6.0,Exitificationtransformation,Data.Aeson.Text,1.01,0.754
aeson-1.5.6.0,Floatinwards,Data.Aeson.Text,3.34,5.2
aeson-1.5.6.0,Liberatecase,Data.Aeson.Text,2.41,3.078
aeson-1.5.6.0,Simplifier,Data.Aeson.Text,15.21,17.643
aeson-1.5.6.0,SpecConstr,Data.Aeson.Text,5.13,8.747
aeson-1.5.6.0,Simplifier,Data.Aeson.Text,74.74,54.941
aeson-1.5.6.0,Demandanalysis,Data.Aeson.Text,13.78,30.131
aeson-1.5.6.0,CoreTidy,Data.Aeson.Text,6.31,6.262
aeson-1.5.6.0,CorePrep,Data.Aeson.Text,7.86,12.075
aeson-1.5.6.0,CodeGen,Data.Aeson.Text,134.32,197.337
aeson-1.5.6.0,CorePrep,Data.Aeson.Text,6.57,12.092
aeson-1.5.6.0,CodeGen,Data.Aeson.Text,119.82,204.264
aeson-1.5.6.0,Parser,Data.Aeson,2.68,9.027
aeson-1.5.6.0,Desugar,Data.Aeson,1.12,1.421
aeson-1.5.6.0,Simplifier,Data.Aeson,22.52,30.385
aeson-1.5.6.0,Specialise,Data.Aeson,0.63,1.12
aeson-1.5.6.0,Simplifier,Data.Aeson,29.72,39.601
aeson-1.5.6.0,Simplifier,Data.Aeson,15.02,19.126
aeson-1.5.6.0,Simplifier,Data.Aeson,6.1,7.672
aeson-1.5.6.0,Floatinwards,Data.Aeson,0.68,0.942
aeson-1.5.6.0,Calledarityanalysis,Data.Aeson,0.54,0.837
aeson-1.5.6.0,Simplifier,Data.Aeson,6.41,7.672
aeson-1.5.6.0,Demandanalysis,Data.Aeson,1.38,2.11
aeson-1.5.6.0,ConstructedProductResultanalysis,Data.Aeson,0.37,0.379
aeson-1.5.6.0,WorkerWrapperbinds,Data.Aeson,0.2,0.234
aeson-1.5.6.0,Simplifier,Data.Aeson,12.77,16.156
aeson-1.5.6.0,Exitificationtransformation,Data.Aeson,0.15,0.198
aeson-1.5.6.0,Floatinwards,Data.Aeson,0.34,0.721
aeson-1.5.6.0,Liberatecase,Data.Aeson,0.21,0.472
aeson-1.5.6.0,Simplifier,Data.Aeson,5.22,6.692
aeson-1.5.6.0,SpecConstr,Data.Aeson,0.4,0.769
aeson-1.5.6.0,Simplifier,Data.Aeson,4.81,6.658
aeson-1.5.6.0,Demandanalysis,Data.Aeson,0.99,1.667
aeson-1.5.6.0,CoreTidy,Data.Aeson,2.28,2.247
aeson-1.5.6.0,CorePrep,Data.Aeson,1.06,1.65
aeson-1.5.6.0,CodeGen,Data.Aeson,35.35,52.802
aeson-1.5.6.0,CorePrep,Data.Aeson,0.9,1.649
aeson-1.5.6.0,CodeGen,Data.Aeson,35.35,56.802
aeson-1.5.6.0,Parser,Data.Aeson.TH,19.01,57.764
aeson-1.5.6.0,Desugar,Data.Aeson.TH,51.37,43.444
aeson-1.5.6.0,Simplifier,Data.Aeson.TH,245.85,255.306
aeson-1.5.6.0,Specialise,Data.Aeson.TH,18.92,28.935
aeson-1.5.6.0,Simplifier,Data.Aeson.TH,458.44,456.917
aeson-1.5.6.0,Simplifier,Data.Aeson.TH,380.42,389.452
aeson-1.5.6.0,Simplifier,Data.Aeson.TH,369.52,356.273
aeson-1.5.6.0,Floatinwards,Data.Aeson.TH,15.48,30.079
aeson-1.5.6.0,Calledarityanalysis,Data.Aeson.TH,18.47,25.175
aeson-1.5.6.0,Simplifier,Data.Aeson.TH,251.27,265.247
aeson-1.5.6.0,Demandanalysis,Data.Aeson.TH,45.79,98.672
aeson-1.5.6.0,ConstructedProductResultanalysis,Data.Aeson.TH,14.16,11.829
aeson-1.5.6.0,WorkerWrapperbinds,Data.Aeson.TH,10.78,15.875
aeson-1.5.6.0,Simplifier,Data.Aeson.TH,272.81,295.243
aeson-1.5.6.0,Exitificationtransformation,Data.Aeson.TH,5.74,3.911
aeson-1.5.6.0,Floatinwards,Data.Aeson.TH,19.55,33.637
aeson-1.5.6.0,Liberatecase,Data.Aeson.TH,7.2,10.044
aeson-1.5.6.0,Simplifier,Data.Aeson.TH,226.1,220.859
aeson-1.5.6.0,SpecConstr,Data.Aeson.TH,16.49,26.382
aeson-1.5.6.0,Simplifier,Data.Aeson.TH,276.47,243.813
aeson-1.5.6.0,Demandanalysis,Data.Aeson.TH,36.24,72.816
aeson-1.5.6.0,CoreTidy,Data.Aeson.TH,26.67,26.343
aeson-1.5.6.0,CorePrep,Data.Aeson.TH,25.7,40.601
aeson-1.5.6.0,CodeGen,Data.Aeson.TH,821.2,1293.701
aeson-1.5.6.0,CorePrep,Data.Aeson.TH,26.19,39.642
aeson-1.5.6.0,CodeGen,Data.Aeson.TH,863.01,1372.193
aeson-1.5.6.0,Parser,Data.Aeson.QQ.Simple,0.39,0.739
aeson-1.5.6.0,Desugar,Data.Aeson.QQ.Simple,0.57,0.575
aeson-1.5.6.0,Simplifier,Data.Aeson.QQ.Simple,2.2,3.188
aeson-1.5.6.0,Specialise,Data.Aeson.QQ.Simple,0.21,0.317
aeson-1.5.6.0,Simplifier,Data.Aeson.QQ.Simple,2.58,3.82
aeson-1.5.6.0,Simplifier,Data.Aeson.QQ.Simple,2.18,3.233
aeson-1.5.6.0,Simplifier,Data.Aeson.QQ.Simple,5.37,7.693
aeson-1.5.6.0,Floatinwards,Data.Aeson.QQ.Simple,0.25,0.523
aeson-1.5.6.0,Calledarityanalysis,Data.Aeson.QQ.Simple,0.21,0.418
aeson-1.5.6.0,Simplifier,Data.Aeson.QQ.Simple,2.31,3.256
aeson-1.5.6.0,Demandanalysis,Data.Aeson.QQ.Simple,0.88,1.954
aeson-1.5.6.0,ConstructedProductResultanalysis,Data.Aeson.QQ.Simple,0.19,0.319
aeson-1.5.6.0,WorkerWrapperbinds,Data.Aeson.QQ.Simple,0.15,0.183
aeson-1.5.6.0,Simplifier,Data.Aeson.QQ.Simple,2.63,3.893
aeson-1.5.6.0,Exitificationtransformation,Data.Aeson.QQ.Simple,0.13,0.221
aeson-1.5.6.0,Floatinwards,Data.Aeson.QQ.Simple,0.21,0.438
aeson-1.5.6.0,Liberatecase,Data.Aeson.QQ.Simple,0.19,0.43
aeson-1.5.6.0,Simplifier,Data.Aeson.QQ.Simple,1.4,1.862
aeson-1.5.6.0,SpecConstr,Data.Aeson.QQ.Simple,0.31,0.582
aeson-1.5.6.0,Simplifier,Data.Aeson.QQ.Simple,1.23,1.854
aeson-1.5.6.0,Demandanalysis,Data.Aeson.QQ.Simple,0.86,2.033
aeson-1.5.6.0,CoreTidy,Data.Aeson.QQ.Simple,0.54,0.743
aeson-1.5.6.0,CorePrep,Data.Aeson.QQ.Simple,0.46,0.924
aeson-1.5.6.0,CodeGen,Data.Aeson.QQ.Simple,13.57,21.726
aeson-1.5.6.0,CorePrep,Data.Aeson.QQ.Simple,0.54,0.92
aeson-1.5.6.0,CodeGen,Data.Aeson.QQ.Simple,13.96,22.508
aeson-1.5.6.0,Parser,Data.Aeson.Encode,0.4,0.888
aeson-1.5.6.0,Desugar,Data.Aeson.Encode,0.22,0.184
aeson-1.5.6.0,Simplifier,Data.Aeson.Encode,0.22,0.244
aeson-1.5.6.0,Specialise,Data.Aeson.Encode,5.0e-2,7.6e-2
aeson-1.5.6.0,Simplifier,Data.Aeson.Encode,8.0e-2,0.126
aeson-1.5.6.0,Simplifier,Data.Aeson.Encode,8.0e-2,0.126
aeson-1.5.6.0,Simplifier,Data.Aeson.Encode,8.0e-2,0.126
aeson-1.5.6.0,Floatinwards,Data.Aeson.Encode,4.0e-2,6.9e-2
aeson-1.5.6.0,Calledarityanalysis,Data.Aeson.Encode,6.0e-2,8.4e-2
aeson-1.5.6.0,Simplifier,Data.Aeson.Encode,8.0e-2,0.126
aeson-1.5.6.0,Demandanalysis,Data.Aeson.Encode,6.0e-2,8.1e-2
aeson-1.5.6.0,ConstructedProductResultanalysis,Data.Aeson.Encode,4.0e-2,7.3e-2
aeson-1.5.6.0,WorkerWrapperbinds,Data.Aeson.Encode,4.0e-2,7.1e-2
aeson-1.5.6.0,Simplifier,Data.Aeson.Encode,8.0e-2,0.13
aeson-1.5.6.0,Exitificationtransformation,Data.Aeson.Encode,3.0e-2,6.8e-2
aeson-1.5.6.0,Floatinwards,Data.Aeson.Encode,4.0e-2,6.9e-2
aeson-1.5.6.0,Liberatecase,Data.Aeson.Encode,4.0e-2,6.9e-2
aeson-1.5.6.0,Simplifier,Data.Aeson.Encode,8.0e-2,0.13
aeson-1.5.6.0,SpecConstr,Data.Aeson.Encode,4.0e-2,7.6e-2
aeson-1.5.6.0,Simplifier,Data.Aeson.Encode,8.0e-2,0.13
aeson-1.5.6.0,Demandanalysis,Data.Aeson.Encode,5.0e-2,8.1e-2
aeson-1.5.6.0,CoreTidy,Data.Aeson.Encode,9.0e-2,0.107
aeson-1.5.6.0,CorePrep,Data.Aeson.Encode,8.0e-2,9.0e-2
aeson-1.5.6.0,CodeGen,Data.Aeson.Encode,0.88,1.169
aeson-1.5.6.0,CorePrep,Data.Aeson.Encode,0.12,9.0e-2
aeson-1.5.6.0,CodeGen,Data.Aeson.Encode,0.98,1.174
sbv-8.15,Parser,ATTParser,2.65,6.097
sbv-8.15,Desugar,ATTParser,20.81,23.911
sbv-8.15,Simplifier,ATTParser,52.66,54.832
sbv-8.15,Specialise,ATTParser,1.48,2.354
sbv-8.15,Simplifier,ATTParser,128.97,78.624
sbv-8.15,Simplifier,ATTParser,43.61,45.884
sbv-8.15,Simplifier,ATTParser,43.76,40.893
sbv-8.15,Floatinwards,ATTParser,1.61,2.657
sbv-8.15,Calledarityanalysis,ATTParser,1.6,2.415
sbv-8.15,Simplifier,ATTParser,28.06,25.168
sbv-8.15,Demandanalysis,ATTParser,9.36,5.844
sbv-8.15,ConstructedProductResultanalysis,ATTParser,0.93,1.267
sbv-8.15,WorkerWrapperbinds,ATTParser,0.53,0.612
sbv-8.15,Simplifier,ATTParser,46.23,41.997
sbv-8.15,Exitificationtransformation,ATTParser,0.25,0.46
sbv-8.15,Floatinwards,ATTParser,1.84,2.419
sbv-8.15,Simplifier,ATTParser,27.33,27.073
sbv-8.15,Demandanalysis,ATTParser,7.53,5.843
sbv-8.15,CoreTidy,ATTParser,4.18,4.783
sbv-8.15,CorePrep,ATTParser,10.01,6.254
sbv-8.15,CodeGen,ATTParser,174.3,208.89
sbv-8.15,Parser,Compat.ResponseFile,0.59,1.534
sbv-8.15,Desugar,Compat.ResponseFile,0.25,0.201
sbv-8.15,Simplifier,Compat.ResponseFile,0.23,0.178
sbv-8.15,Specialise,Compat.ResponseFile,6.0e-2,7.4e-2
sbv-8.15,Simplifier,Compat.ResponseFile,0.12,0.11
sbv-8.15,Simplifier,Compat.ResponseFile,8.0e-2,0.11
sbv-8.15,Simplifier,Compat.ResponseFile,7.0e-2,0.11
sbv-8.15,Floatinwards,Compat.ResponseFile,4.0e-2,7.0e-2
sbv-8.15,Calledarityanalysis,Compat.ResponseFile,6.0e-2,7.3e-2
sbv-8.15,Simplifier,Compat.ResponseFile,7.0e-2,0.11
sbv-8.15,Demandanalysis,Compat.ResponseFile,6.0e-2,7.8e-2
sbv-8.15,ConstructedProductResultanalysis,Compat.ResponseFile,5.0e-2,7.3e-2
sbv-8.15,WorkerWrapperbinds,Compat.ResponseFile,5.0e-2,7.0e-2
sbv-8.15,Simplifier,Compat.ResponseFile,7.0e-2,0.111
sbv-8.15,Exitificationtransformation,Compat.ResponseFile,4.0e-2,6.8e-2
sbv-8.15,Floatinwards,Compat.ResponseFile,4.0e-2,7.0e-2
sbv-8.15,Simplifier,Compat.ResponseFile,8.0e-2,0.111
sbv-8.15,Demandanalysis,Compat.ResponseFile,5.0e-2,7.8e-2
sbv-8.15,CoreTidy,Compat.ResponseFile,9.0e-2,9.8e-2
sbv-8.15,CorePrep,Compat.ResponseFile,7.0e-2,7.7e-2
sbv-8.15,CodeGen,Compat.ResponseFile,0.47,0.574
sbv-8.15,Parser,Compat.TempFile,0.66,2.294
sbv-8.15,Desugar,Compat.TempFile,0.45,0.497
sbv-8.15,Simplifier,Compat.TempFile,2.36,3.211
sbv-8.15,Specialise,Compat.TempFile,6.0e-2,7.6e-2
sbv-8.15,Simplifier,Compat.TempFile,0.11,0.138
sbv-8.15,Simplifier,Compat.TempFile,0.1,0.138
sbv-8.15,Simplifier,Compat.TempFile,0.1,0.138
sbv-8.15,Floatinwards,Compat.TempFile,5.0e-2,6.9e-2
sbv-8.15,Calledarityanalysis,Compat.TempFile,6.0e-2,8.3e-2
sbv-8.15,Simplifier,Compat.TempFile,0.12,0.138
sbv-8.15,Demandanalysis,Compat.TempFile,7.0e-2,8.3e-2
sbv-8.15,ConstructedProductResultanalysis,Compat.TempFile,6.0e-2,7.3e-2
sbv-8.15,WorkerWrapperbinds,Compat.TempFile,5.0e-2,7.0e-2
sbv-8.15,Simplifier,Compat.TempFile,0.12,0.15
sbv-8.15,Exitificationtransformation,Compat.TempFile,4.0e-2,6.7e-2
sbv-8.15,Floatinwards,Compat.TempFile,6.0e-2,6.9e-2
sbv-8.15,Simplifier,Compat.TempFile,0.13,0.152
sbv-8.15,Demandanalysis,Compat.TempFile,6.0e-2,8.3e-2
sbv-8.15,CoreTidy,Compat.TempFile,0.11,0.111
sbv-8.15,CorePrep,Compat.TempFile,0.1,9.7e-2
sbv-8.15,CodeGen,Compat.TempFile,3.03,0.995
sbv-8.15,Parser,Common,2.86,5.997
sbv-8.15,Desugar,Common,7.32,5.535
sbv-8.15,Simplifier,Common,50.4,55.444
sbv-8.15,Specialise,Common,0.87,0.971
sbv-8.15,Simplifier,Common,24.05,22.239
sbv-8.15,Simplifier,Common,16.49,15.152
sbv-8.15,Simplifier,Common,15.0,14.59
sbv-8.15,Floatinwards,Common,0.78,1.335
sbv-8.15,Calledarityanalysis,Common,0.67,0.915
sbv-8.15,Simplifier,Common,5.85,4.885
sbv-8.15,Demandanalysis,Common,2.72,2.935
sbv-8.15,ConstructedProductResultanalysis,Common,0.39,0.481
sbv-8.15,WorkerWrapperbinds,Common,0.27,0.363
sbv-8.15,Simplifier,Common,20.26,16.881
sbv-8.15,Exitificationtransformation,Common,0.28,0.311
sbv-8.15,Floatinwards,Common,2.43,1.314
sbv-8.15,Simplifier,Common,11.87,10.727
sbv-8.15,Demandanalysis,Common,1.85,3.062
sbv-8.15,CoreTidy,Common,3.14,2.402
sbv-8.15,CorePrep,Common,5.71,3.257
sbv-8.15,CodeGen,Common,68.57,75.544
sbv-8.15,Parser,Flags,3.43,5.036
sbv-8.15,Desugar,Flags,10.6,6.468
sbv-8.15,Simplifier,Flags,104.33,23.926
sbv-8.15,Specialise,Flags,0.8,1.673
sbv-8.15,Simplifier,Flags,21.88,22.799
sbv-8.15,Simplifier,Flags,20.99,27.672
sbv-8.15,Simplifier,Flags,7.34,7.786
sbv-8.15,Floatinwards,Flags,0.38,1.11
sbv-8.15,Calledarityanalysis,Flags,0.7,1.819
sbv-8.15,Simplifier,Flags,11.46,15.507
sbv-8.15,Demandanalysis,Flags,2.59,3.724
sbv-8.15,ConstructedProductResultanalysis,Flags,0.87,0.83
sbv-8.15,WorkerWrapperbinds,Flags,0.44,0.569
sbv-8.15,Simplifier,Flags,26.05,33.306
sbv-8.15,Exitificationtransformation,Flags,0.17,0.266
sbv-8.15,Floatinwards,Flags,0.65,1.107
sbv-8.15,Simplifier,Flags,31.15,33.473
sbv-8.15,Demandanalysis,Flags,1.87,3.772
sbv-8.15,CoreTidy,Flags,6.26,6.363
sbv-8.15,CorePrep,Flags,3.44,3.962
sbv-8.15,CodeGen,Flags,95.99,125.872
sbv-8.15,Parser,HSCParser,4.68,12.224
sbv-8.15,Desugar,HSCParser,10.99,14.16
sbv-8.15,Simplifier,HSCParser,67.43,62.399
sbv-8.15,Specialise,HSCParser,2.44,3.358
sbv-8.15,Simplifier,HSCParser,81.08,75.901
sbv-8.15,Simplifier,HSCParser,119.07,113.594
sbv-8.15,Simplifier,HSCParser,86.34,82.855
sbv-8.15,Floatinwards,HSCParser,5.71,3.869
sbv-8.15,Calledarityanalysis,HSCParser,6.75,12.876
sbv-8.15,Simplifier,HSCParser,137.19,128.339
sbv-8.15,Demandanalysis,HSCParser,18.09,23.882
sbv-8.15,ConstructedProductResultanalysis,HSCParser,3.72,3.309
sbv-8.15,WorkerWrapperbinds,HSCParser,2.66,2.134
sbv-8.15,Simplifier,HSCParser,232.33,155.363
sbv-8.15,Exitificationtransformation,HSCParser,0.71,1.149
sbv-8.15,Floatinwards,HSCParser,3.39,5.935
sbv-8.15,Simplifier,HSCParser,143.91,136.644
sbv-8.15,Demandanalysis,HSCParser,14.96,28.268
sbv-8.15,CoreTidy,HSCParser,15.46,12.801
sbv-8.15,CorePrep,HSCParser,22.78,17.666
sbv-8.15,CodeGen,HSCParser,327.83,463.039
sbv-8.15,Parser,C,3.67,9.239
sbv-8.15,Desugar,C,14.96,21.192
sbv-8.15,Simplifier,C,82.05,113.794
sbv-8.15,Specialise,C,3.28,2.126
sbv-8.15,Simplifier,C,46.25,54.631
sbv-8.15,Simplifier,C,54.15,65.229
sbv-8.15,Simplifier,C,27.72,29.183
sbv-8.15,Floatinwards,C,1.06,1.872
sbv-8.15,Calledarityanalysis,C,1.62,2.141
sbv-8.15,Simplifier,C,7.09,9.701
sbv-8.15,Demandanalysis,C,4.29,5.091
sbv-8.15,ConstructedProductResultanalysis,C,1.03,1.021
sbv-8.15,WorkerWrapperbinds,C,0.63,0.725
sbv-8.15,Simplifier,C,36.35,36.469
sbv-8.15,Exitificationtransformation,C,0.2,0.385
sbv-8.15,Floatinwards,C,1.44,1.806
sbv-8.15,Simplifier,C,20.85,22.215
sbv-8.15,Demandanalysis,C,3.3,5.585
sbv-8.15,CoreTidy,C,4.17,4.325
sbv-8.15,CorePrep,C,6.41,5.754
sbv-8.15,CodeGen,C,178.4,230.273
sbv-8.15,Parser,CrossCodegen,11.93,23.66
sbv-8.15,Desugar,CrossCodegen,24.0,33.748
sbv-8.15,Simplifier,CrossCodegen,230.61,258.565
sbv-8.15,Specialise,CrossCodegen,5.73,7.182
sbv-8.15,Simplifier,CrossCodegen,169.04,163.315
sbv-8.15,Simplifier,CrossCodegen,146.96,151.422
sbv-8.15,Simplifier,CrossCodegen,128.12,111.949
sbv-8.15,Floatinwards,CrossCodegen,3.22,6.088
sbv-8.15,Calledarityanalysis,CrossCodegen,6.1,7.945
sbv-8.15,Simplifier,CrossCodegen,60.19,55.865
sbv-8.15,Demandanalysis,CrossCodegen,9.86,15.905
sbv-8.15,ConstructedProductResultanalysis,CrossCodegen,5.35,3.05
sbv-8.15,WorkerWrapperbinds,CrossCodegen,3.06,1.939
sbv-8.15,Simplifier,CrossCodegen,166.01,141.796
sbv-8.15,Exitificationtransformation,CrossCodegen,1.31,0.947
sbv-8.15,Floatinwards,CrossCodegen,4.55,6.244
sbv-8.15,Simplifier,CrossCodegen,158.5,132.768
sbv-8.15,Demandanalysis,CrossCodegen,15.67,17.601
sbv-8.15,CoreTidy,CrossCodegen,16.45,15.615
sbv-8.15,CorePrep,CrossCodegen,22.44,16.102
sbv-8.15,CodeGen,CrossCodegen,368.91,464.081
sbv-8.15,Parser,Paths_hsc2hs,1.91,3.214
sbv-8.15,Desugar,Paths_hsc2hs,0.85,0.958
sbv-8.15,Simplifier,Paths_hsc2hs,13.41,8.954
sbv-8.15,Specialise,Paths_hsc2hs,0.34,0.356
sbv-8.15,Simplifier,Paths_hsc2hs,5.36,5.349
sbv-8.15,Simplifier,Paths_hsc2hs,3.29,3.825
sbv-8.15,Simplifier,Paths_hsc2hs,1.72,1.504
sbv-8.15,Floatinwards,Paths_hsc2hs,0.18,0.345
sbv-8.15,Calledarityanalysis,Paths_hsc2hs,0.21,0.308
sbv-8.15,Simplifier,Paths_hsc2hs,1.32,1.504
sbv-8.15,Demandanalysis,Paths_hsc2hs,0.5,0.732
sbv-8.15,ConstructedProductResultanalysis,Paths_hsc2hs,0.17,0.188
sbv-8.15,WorkerWrapperbinds,Paths_hsc2hs,0.48,0.134
sbv-8.15,Simplifier,Paths_hsc2hs,3.05,3.363
sbv-8.15,Exitificationtransformation,Paths_hsc2hs,9.0e-2,0.113
sbv-8.15,Floatinwards,Paths_hsc2hs,0.2,0.342
sbv-8.15,Simplifier,Paths_hsc2hs,4.7,3.703
sbv-8.15,Demandanalysis,Paths_hsc2hs,0.48,0.744
sbv-8.15,CoreTidy,Paths_hsc2hs,1.01,1.243
sbv-8.15,CorePrep,Paths_hsc2hs,1.63,0.752
sbv-8.15,CodeGen,Paths_hsc2hs,16.27,20.851
sbv-8.15,Parser,UtilsCodegen,0.63,1.767
sbv-8.15,Desugar,UtilsCodegen,0.76,0.786
sbv-8.15,Simplifier,UtilsCodegen,7.48,7.45
sbv-8.15,Specialise,UtilsCodegen,0.24,0.396
sbv-8.15,Simplifier,UtilsCodegen,4.4,4.813
sbv-8.15,Simplifier,UtilsCodegen,7.64,5.911
sbv-8.15,Simplifier,UtilsCodegen,3.03,3.478
sbv-8.15,Floatinwards,UtilsCodegen,0.21,0.349
sbv-8.15,Calledarityanalysis,UtilsCodegen,0.17,0.274
sbv-8.15,Simplifier,UtilsCodegen,2.95,3.38
sbv-8.15,Demandanalysis,UtilsCodegen,0.38,0.651
sbv-8.15,ConstructedProductResultanalysis,UtilsCodegen,0.16,0.239
sbv-8.15,WorkerWrapperbinds,UtilsCodegen,0.14,0.211
sbv-8.15,Simplifier,UtilsCodegen,3.02,3.805
sbv-8.15,Exitificationtransformation,UtilsCodegen,7.0e-2,0.105
sbv-8.15,Floatinwards,UtilsCodegen,0.16,0.319
sbv-8.15,Simplifier,UtilsCodegen,2.07,1.767
sbv-8.15,Demandanalysis,UtilsCodegen,0.39,0.685
sbv-8.15,CoreTidy,UtilsCodegen,1.0,1.473
sbv-8.15,CorePrep,UtilsCodegen,0.36,0.694
sbv-8.15,CodeGen,UtilsCodegen,21.71,28.365
sbv-8.15,Parser,DirectCodegen,2.83,4.377
sbv-8.15,Desugar,DirectCodegen,4.55,2.529
sbv-8.15,Simplifier,DirectCodegen,38.03,44.181
sbv-8.15,Specialise,DirectCodegen,0.5,0.897
sbv-8.15,Simplifier,DirectCodegen,93.27,20.736
sbv-8.15,Simplifier,DirectCodegen,15.51,22.797
sbv-8.15,Simplifier,DirectCodegen,12.07,16.781
sbv-8.15,Floatinwards,DirectCodegen,0.71,1.383
sbv-8.15,Calledarityanalysis,DirectCodegen,1.46,0.74
sbv-8.15,Simplifier,DirectCodegen,5.54,7.602
sbv-8.15,Demandanalysis,DirectCodegen,1.24,2.41
sbv-8.15,ConstructedProductResultanalysis,DirectCodegen,0.38,0.545
sbv-8.15,WorkerWrapperbinds,DirectCodegen,0.23,0.31
sbv-8.15,Simplifier,DirectCodegen,9.38,11.69
sbv-8.15,Exitificationtransformation,DirectCodegen,0.32,0.441
sbv-8.15,Floatinwards,DirectCodegen,0.87,0.972
sbv-8.15,Simplifier,DirectCodegen,6.62,7.682
sbv-8.15,Demandanalysis,DirectCodegen,1.29,2.375
sbv-8.15,CoreTidy,DirectCodegen,1.0,1.212
sbv-8.15,CorePrep,DirectCodegen,1.05,1.732
sbv-8.15,CodeGen,DirectCodegen,44.51,66.974
sbv-8.15,Parser,Main,2.57,7.524
sbv-8.15,Desugar,Main,5.03,6.693
sbv-8.15,Simplifier,Main,35.54,35.138
sbv-8.15,Specialise,Main,0.58,0.898
sbv-8.15,Simplifier,Main,29.47,28.632
sbv-8.15,Simplifier,Main,14.79,19.493
sbv-8.15,Simplifier,Main,10.73,13.949
sbv-8.15,Floatinwards,Main,0.48,0.86
sbv-8.15,Calledarityanalysis,Main,0.39,0.767
sbv-8.15,Simplifier,Main,5.13,6.575
sbv-8.15,Demandanalysis,Main,1.38,2.594
sbv-8.15,ConstructedProductResultanalysis,Main,0.37,0.498
sbv-8.15,WorkerWrapperbinds,Main,0.21,0.246
sbv-8.15,Simplifier,Main,7.83,7.269
sbv-8.15,Exitificationtransformation,Main,0.25,0.409
sbv-8.15,Floatinwards,Main,0.54,0.794
sbv-8.15,Simplifier,Main,5.87,6.934
sbv-8.15,Demandanalysis,Main,1.4,2.463
sbv-8.15,CoreTidy,Main,1.07,1.259
sbv-8.15,CorePrep,Main,0.92,1.563
sbv-8.15,CodeGen,Main,37.4,50.877
random-1.2.0,Parser,System.Random.Internal,16.66,37.331
random-1.2.0,Desugar,System.Random.Internal,58.55,56.296
random-1.2.0,Simplifier,System.Random.Internal,344.49,288.799
random-1.2.0,Specialise,System.Random.Internal,9.07,11.392
random-1.2.0,Simplifier,System.Random.Internal,256.09,263.02
random-1.2.0,Simplifier,System.Random.Internal,244.52,236.222
random-1.2.0,Simplifier,System.Random.Internal,62.06,57.202
random-1.2.0,Floatinwards,System.Random.Internal,8.31,12.703
random-1.2.0,Calledarityanalysis,System.Random.Internal,7.54,10.132
random-1.2.0,Simplifier,System.Random.Internal,280.55,171.27
random-1.2.0,Demandanalysis,System.Random.Internal,25.63,28.098
random-1.2.0,ConstructedProductResultanalysis,System.Random.Internal,5.68,4.351
random-1.2.0,WorkerWrapperbinds,System.Random.Internal,4.22,4.216
random-1.2.0,Simplifier,System.Random.Internal,273.65,280.48
random-1.2.0,Exitificationtransformation,System.Random.Internal,3.09,1.921
random-1.2.0,Floatinwards,System.Random.Internal,6.39,11.188
random-1.2.0,Simplifier,System.Random.Internal,262.82,250.594
random-1.2.0,Demandanalysis,System.Random.Internal,22.46,27.901
random-1.2.0,CoreTidy,System.Random.Internal,28.61,24.259
random-1.2.0,CorePrep,System.Random.Internal,30.55,24.159
random-1.2.0,CodeGen,System.Random.Internal,409.65,607.81
random-1.2.0,CorePrep,System.Random.Internal,17.92,22.441
random-1.2.0,CodeGen,System.Random.Internal,413.18,637.714
random-1.2.0,Parser,System.Random,3.11,12.168
random-1.2.0,Desugar,System.Random,15.55,16.483
random-1.2.0,Simplifier,System.Random,411.91,340.569
random-1.2.0,Specialise,System.Random,22.19,10.196
random-1.2.0,Simplifier,System.Random,334.96,339.894
random-1.2.0,Simplifier,System.Random,228.45,205.412
random-1.2.0,Simplifier,System.Random,71.43,66.763
random-1.2.0,Floatinwards,System.Random,6.59,9.85
random-1.2.0,Calledarityanalysis,System.Random,105.03,9.366
random-1.2.0,Simplifier,System.Random,174.5,198.089
random-1.2.0,Demandanalysis,System.Random,16.73,32.053
random-1.2.0,ConstructedProductResultanalysis,System.Random,6.11,5.267
random-1.2.0,WorkerWrapperbinds,System.Random,2.54,2.623
random-1.2.0,Simplifier,System.Random,264.83,277.644
random-1.2.0,Exitificationtransformation,System.Random,1.81,2.25
random-1.2.0,Floatinwards,System.Random,6.04,9.325
random-1.2.0,Simplifier,System.Random,261.18,257.679
random-1.2.0,Demandanalysis,System.Random,17.3,30.19
random-1.2.0,CoreTidy,System.Random,26.65,20.707
random-1.2.0,CorePrep,System.Random,26.55,18.759
random-1.2.0,CodeGen,System.Random,285.0,437.899
random-1.2.0,CorePrep,System.Random,11.74,18.766
random-1.2.0,CodeGen,System.Random,291.87,457.813
random-1.2.0,Parser,System.Random.Stateful,3.99,14.88
random-1.2.0,Desugar,System.Random.Stateful,20.37,15.274
random-1.2.0,Simplifier,System.Random.Stateful,49.63,46.385
random-1.2.0,Specialise,System.Random.Stateful,1.66,1.987
random-1.2.0,Simplifier,System.Random.Stateful,38.78,39.272
random-1.2.0,Simplifier,System.Random.Stateful,22.44,24.866
random-1.2.0,Simplifier,System.Random.Stateful,7.92,11.516
random-1.2.0,Floatinwards,System.Random.Stateful,0.81,1.869
random-1.2.0,Calledarityanalysis,System.Random.Stateful,0.91,1.837
random-1.2.0,Simplifier,System.Random.Stateful,24.0,23.004
random-1.2.0,Demandanalysis,System.Random.Stateful,2.63,4.717
random-1.2.0,ConstructedProductResultanalysis,System.Random.Stateful,0.76,0.703
random-1.2.0,WorkerWrapperbinds,System.Random.Stateful,0.49,0.696
random-1.2.0,Simplifier,System.Random.Stateful,49.94,56.165
random-1.2.0,Exitificationtransformation,System.Random.Stateful,0.22,0.343
random-1.2.0,Floatinwards,System.Random.Stateful,1.04,1.926
random-1.2.0,Simplifier,System.Random.Stateful,25.1,26.437
random-1.2.0,Demandanalysis,System.Random.Stateful,6.15,4.918
random-1.2.0,CoreTidy,System.Random.Stateful,5.12,5.791
random-1.2.0,CorePrep,System.Random.Stateful,3.91,5.122
random-1.2.0,CodeGen,System.Random.Stateful,105.54,144.641
random-1.2.0,CorePrep,System.Random.Stateful,3.0,5.104
random-1.2.0,CodeGen,System.Random.Stateful,104.69,152.037
